ClaimNumber,PolicyNumber,ClaimStatus,LossDate,ReportDate,CauseOfLoss,LossState,ClaimantCount,AdjusterID,LitigationFlag,FraudIndicator
KM-CLM-000001,KM-POL-000220,Reopened,2024-06-20,2024-07-04,Slip and Fall,PA,1,ADJ-A01,Y,N
KM-CLM-000002,KM-POL-001395,Reopened,2024-01-06,2024-02-03,Motor Vehicle,MD,2,ADJ-A03,N,N
KM-CLM-000003,KM-POL-000787,Open,2023-02-23,2023-04-08,Head On,MD,1,ADJ-A02,N,
KM-CLM-000004,KM-POL-001785,Open,2022-08-28,2022-09-07,Intersection,OH,2,ADJ-A04,Y,N
KM-CLM-000005,KM-POL-000528,Closed,2022-02-02,2022-02-08,Burn,MD,1,ADJ-A03,N,N
KM-CLM-000006,KM-POL-000075,Open,2023-05-12,2023-05-25,Single Vehicle,OH,1,ADJ-A03,N,N
KM-CLM-000007,KM-POL-001642,Closed,2023-09-03,2023-10-05,Advertising Injury,MD,2,ADJ-A05,N,N
KM-CLM-000008,KM-POL-000136,Closed,2023-05-07,2023-06-01,Burn,OH,1,ADJ-A05,N,N
KM-CLM-000009,KM-POL-001953,Closed,2024-06-05,2024-06-26,Single Vehicle,MD,1,ADJ-A03,N,
KM-CLM-000010,KM-POL-000074,Closed,2023-05-26,2023-06-30,Product Defect,OH,2,ADJ-A05,Y,
KM-CLM-000011,KM-POL-000254,Closed,2021-10-18,2021-11-26,Strain,OH,1,ADJ-A02,N,N
KM-CLM-000012,KM-POL-001042,Reopened,2023-09-25,2023-11-08,Rear End Collision,MD,2,ADJ-A02,N,N
KM-CLM-000013,KM-POL-001955,Open,2022-09-15,2022-10-28,Bodily Injury,PA,1,ADJ-A05,N,N
KM-CLM-000014,KM-POL-001022,Closed,2022-02-03,2022-03-20,Struck By,NJ,1,ADJ-A01,N,N
KM-CLM-000015,KM-POL-001067,Open,2022-09-20,2022-09-23,Fall,PA,1,ADJ-A03,N,N
KM-CLM-000016,KM-POL-000050,Open,2023-01-01,2023-01-11,Fall,PA,1,ADJ-A02,N,N
KM-CLM-000017,KM-POL-000515,Closed,2022-01-29,2022-02-22,Struck By,NY,1,ADJ-A05,N,N
KM-CLM-000018,KM-POL-000744,Open,2021-05-12,2021-06-21,Intersection,PA,1,ADJ-A05,Y,N
KM-CLM-000019,KM-POL-000731,Open,2022-09-24,2022-09-24,Burn,NY,1,ADJ-A02,N,N
KM-CLM-000020,KM-POL-000571,Open,2023-09-02,2023-09-07,Sideswipe,NJ,1,ADJ-A02,N,N
KM-CLM-000021,KM-POL-001820,Closed,2023-04-04,2023-04-13,Fall,NJ,1,ADJ-A01,N,N
KM-CLM-000022,KM-POL-001838,Closed,2021-05-04,2021-06-03,Struck By,PA,2,ADJ-A05,N,N
KM-CLM-000023,KM-POL-000576,Open,2022-05-09,2022-06-16,Property Damage,NY,1,ADJ-A05,N,N
KM-CLM-000024,KM-POL-001606,Closed,2022-03-15,2022-04-11,Rear End Collision,PA,1,ADJ-A04,N,N
KM-CLM-000025,KM-POL-001327,Open,2023-09-02,2023-09-07,Burn,OH,2,ADJ-A01,N,N
KM-CLM-000026,KM-POL-001166,Closed,2023-02-03,2023-02-07,Bodily Injury,NJ,1,ADJ-A02,Y,N
KM-CLM-000027,KM-POL-000903,Closed,2022-05-30,2022-06-15,Burn,PA,3,ADJ-A02,N,N
KM-CLM-000028,KM-POL-000202,Closed,2022-12-07,2022-12-21,Fall,PA,1,ADJ-A03,N,
KM-CLM-000029,KM-POL-000207,Reopened,2023-06-16,2023-07-09,Repetitive Motion,PA,1,ADJ-A02,N,N
KM-CLM-000030,KM-POL-000415,Reopened,2022-08-09,2022-08-14,Rear End Collision,DE,1,ADJ-A05,N,
KM-CLM-000031,KM-POL-000221,Open,2022-11-29,2023-01-06,Head On,NY,2,ADJ-A02,N,N
KM-CLM-000032,KM-POL-001386,Closed,2022-08-28,2022-08-30,Struck By,OH,1,ADJ-A05,N,N
KM-CLM-000033,KM-POL-000758,Open,2021-07-06,2021-07-30,Parking,OH,2,ADJ-A05,N,N
KM-CLM-000034,KM-POL-001105,Reopened,2022-07-11,2022-08-05,Product Defect,PA,1,ADJ-A01,N,N
KM-CLM-000035,KM-POL-000763,Open,2022-06-15,2022-07-24,Cut/Laceration,NY,1,ADJ-A02,N,N
KM-CLM-000036,KM-POL-000563,Closed,2023-09-16,2023-10-27,Motor Vehicle,PA,1,ADJ-A01,N,N
KM-CLM-000037,KM-POL-001309,Open,2024-04-28,2024-05-31,Repetitive Motion,NJ,1,ADJ-A05,N,N
KM-CLM-000038,KM-POL-000369,Open,2023-10-02,2023-10-20,Repetitive Motion,NJ,1,ADJ-A02,N,N
KM-CLM-000039,KM-POL-001516,Closed,2022-06-05,2022-07-20,Burn,MD,2,ADJ-A02,N,
KM-CLM-000040,KM-POL-001935,Reopened,2023-08-28,2023-10-05,Rear End Collision,NJ,1,ADJ-A01,N,
KM-CLM-000041,KM-POL-000896,Closed,2022-01-08,2022-01-11,Burn,OH,1,ADJ-A01,N,N
KM-CLM-000042,KM-POL-001370,Closed,2022-03-07,2022-03-18,Repetitive Motion,NY,1,ADJ-A05,N,
KM-CLM-000043,KM-POL-000204,Closed,2022-07-28,2022-09-06,Property Damage,PA,2,ADJ-A05,N,N
KM-CLM-000044,KM-POL-001049,Open,2022-12-07,2023-01-07,Slip and Fall,NJ,3,ADJ-A02,N,N
KM-CLM-000045,KM-POL-000957,Open,2022-02-12,2022-03-12,Head On,NY,2,ADJ-A02,N,N
KM-CLM-000046,KM-POL-001577,Open,2024-02-26,2024-02-26,Motor Vehicle,PA,3,ADJ-A04,N,
KM-CLM-000047,KM-POL-000069,Closed,2023-02-25,2023-03-09,Burn,PA,2,ADJ-A04,N,N
KM-CLM-000048,KM-POL-000516,Open,2023-09-10,2023-10-22,Cut/Laceration,MD,3,ADJ-A03,N,N
KM-CLM-000049,KM-POL-001516,Open,2022-12-26,2023-01-28,Strain,MD,1,ADJ-A05,N,N
KM-CLM-000050,KM-POL-000240,Open,2021-06-25,2021-07-13,Motor Vehicle,PA,1,ADJ-A03,N,N
KM-CLM-000051,KM-POL-000361,Open,2022-03-21,2022-04-02,Strain,PA,1,ADJ-A03,N,N
KM-CLM-000052,KM-POL-001465,Reopened,2024-07-21,2024-07-23,Property Damage,PA,1,ADJ-A01,N,N
KM-CLM-000053,KM-POL-001055,Open,2021-08-05,2021-09-12,Property Damage,NY,1,ADJ-A01,N,N
KM-CLM-000054,KM-POL-001923,Closed,2023-09-03,2023-10-05,Parking,NY,1,ADJ-A04,N,
KM-CLM-000055,KM-POL-001653,Closed,2024-02-06,2024-03-10,Cut/Laceration,OH,1,ADJ-A03,N,N
KM-CLM-000056,KM-POL-000707,Closed,2024-01-09,2024-02-22,Motor Vehicle,PA,2,ADJ-A04,N,N
KM-CLM-000057,KM-POL-001626,Open,2024-08-22,2024-09-05,Rear End Collision,PA,1,ADJ-A05,N,N
KM-CLM-000058,KM-POL-000690,Closed,2024-02-02,2024-03-12,Motor Vehicle,NJ,2,ADJ-A02,N,N
KM-CLM-000059,KM-POL-000657,Open,2022-10-22,2022-11-01,Motor Vehicle,OH,1,ADJ-A01,N,N
KM-CLM-000060,KM-POL-001980,Closed,2023-03-13,2023-04-25,Product Defect,NJ,3,ADJ-A05,N,N
KM-CLM-000061,KM-POL-001738,Open,2022-03-18,2022-03-20,Repetitive Motion,NY,2,ADJ-A05,N,
KM-CLM-000062,KM-POL-001346,Closed,2023-07-28,2023-08-20,Repetitive Motion,NY,2,ADJ-A01,N,N
KM-CLM-000063,KM-POL-000344,Closed,2023-01-05,2023-01-20,Motor Vehicle,NJ,1,ADJ-A01,Y,N
KM-CLM-000064,KM-POL-001739,Closed,2022-07-25,2022-09-04,Burn,NY,1,ADJ-A03,N,N
KM-CLM-000065,KM-POL-000536,Closed,2023-10-13,2023-10-13,Slip and Fall,OH,1,ADJ-A04,N,N
KM-CLM-000066,KM-POL-000355,Closed,2024-04-09,2024-04-19,Repetitive Motion,NY,2,ADJ-A05,N,N
KM-CLM-000067,KM-POL-001495,Closed,2022-07-18,2022-07-23,Head On,NY,2,ADJ-A03,N,N
KM-CLM-000068,KM-POL-000928,Open,2024-02-28,2024-03-16,Parking,MD,2,ADJ-A03,N,N
KM-CLM-000069,KM-POL-000983,Closed,2022-09-05,2022-09-30,Strain,NY,1,ADJ-A05,N,N
KM-CLM-000070,KM-POL-000105,Closed,2023-12-25,2024-01-16,Property Damage,NY,1,ADJ-A05,N,N
KM-CLM-000071,KM-POL-001811,Closed,2024-10-07,2024-11-18,Single Vehicle,NY,1,ADJ-A02,Y,N
KM-CLM-000072,KM-POL-001346,Open,2022-11-11,2022-12-06,Strain,NY,1,ADJ-A04,N,N
KM-CLM-000073,KM-POL-001596,Closed,2022-08-03,2022-08-28,Intersection,NY,1,ADJ-A05,Y,
KM-CLM-000074,KM-POL-001907,Open,2022-07-06,2022-08-12,Advertising Injury,DE,1,ADJ-A01,N,N
KM-CLM-000075,KM-POL-000962,Open,2022-10-12,2022-10-24,Single Vehicle,NJ,2,ADJ-A02,Y,N
KM-CLM-000076,KM-POL-000527,Open,2023-09-15,2023-10-18,Fall,PA,1,ADJ-A04,N,N
KM-CLM-000077,KM-POL-000504,Open,2021-09-04,2021-09-04,Property Damage,MD,1,ADJ-A01,N,N
KM-CLM-000078,KM-POL-001109,Closed,2021-09-20,2021-11-04,Single Vehicle,DE,3,ADJ-A01,N,N
KM-CLM-000079,KM-POL-000931,Closed,2022-11-27,2022-12-01,Repetitive Motion,DE,1,ADJ-A04,N,N
KM-CLM-000080,KM-POL-000709,Open,2022-10-26,2022-10-31,Fall,PA,1,ADJ-A02,N,N
KM-CLM-000081,KM-POL-000235,Reopened,2023-03-31,2023-05-05,Fall,NY,1,ADJ-A01,N,N
KM-CLM-000082,KM-POL-001947,Reopened,2022-08-29,2022-09-16,Strain,NY,1,ADJ-A03,N,N
KM-CLM-000083,KM-POL-001880,Reopened,2023-07-05,2023-08-09,Head On,PA,1,ADJ-A04,N,N
KM-CLM-000084,KM-POL-001287,Closed,2022-07-09,2022-08-15,Repetitive Motion,NJ,1,ADJ-A04,N,N
KM-CLM-000085,KM-POL-001030,Closed,2022-09-10,2022-10-02,Bodily Injury,NY,1,ADJ-A05,N,N
KM-CLM-000086,KM-POL-000494,Open,2023-01-11,2023-02-02,Cut/Laceration,NJ,1,ADJ-A02,N,N
KM-CLM-000087,KM-POL-001917,Closed,2024-04-12,2024-04-29,Advertising Injury,NY,1,ADJ-A03,N,N
KM-CLM-000088,KM-POL-001313,Closed,2024-03-05,2024-03-19,Single Vehicle,NY,2,ADJ-A03,N,N
KM-CLM-000089,KM-POL-001594,Closed,2022-08-19,2022-09-26,Burn,DE,1,ADJ-A05,N,N
KM-CLM-000090,KM-POL-001969,Reopened,2024-09-18,2024-09-30,Strain,DE,2,ADJ-A01,N,N
KM-CLM-000091,KM-POL-001681,Closed,2022-08-19,2022-09-17,Fall,NY,1,ADJ-A01,N,
KM-CLM-000092,KM-POL-000878,Closed,2024-02-20,2024-03-16,Parking,PA,1,ADJ-A03,N,N
KM-CLM-000093,KM-POL-001578,Open,2023-09-02,2023-10-08,Intersection,NJ,2,ADJ-A02,Y,N
KM-CLM-000094,KM-POL-001374,Open,2023-11-10,2023-11-10,Parking,NY,1,ADJ-A01,N,Y
KM-CLM-000095,KM-POL-001224,Closed,2022-01-19,2022-02-04,Product Defect,PA,1,ADJ-A04,N,N
KM-CLM-000096,KM-POL-001960,Closed,2022-07-05,2022-07-16,Sideswipe,PA,1,ADJ-A05,N,N
KM-CLM-000097,KM-POL-001710,Closed,2023-05-27,2023-06-22,Intersection,MD,1,ADJ-A02,N,N
KM-CLM-000098,KM-POL-000967,Closed,2021-10-29,2021-11-30,Rear End Collision,NY,2,ADJ-A01,N,N
KM-CLM-000099,KM-POL-000966,Reopened,2022-05-13,2022-05-19,Cut/Laceration,NY,2,ADJ-A03,N,N
KM-CLM-000100,KM-POL-000964,Closed,2023-01-31,2023-03-07,Burn,MD,1,ADJ-A05,N,N
KM-CLM-000101,KM-POL-000897,Closed,2023-01-11,2023-01-15,Repetitive Motion,DE,1,ADJ-A01,N,N
KM-CLM-000102,KM-POL-001359,Open,2023-02-12,2023-03-16,Strain,OH,1,ADJ-A03,N,
KM-CLM-000103,KM-POL-001631,Closed,2024-07-03,2024-07-21,Single Vehicle,NY,3,ADJ-A01,N,N
KM-CLM-000104,KM-POL-000217,Closed,2022-09-29,2022-10-20,Cut/Laceration,OH,2,ADJ-A05,N,N
KM-CLM-000105,KM-POL-000623,Open,2021-04-19,2021-04-26,Struck By,NJ,2,ADJ-A04,N,N
KM-CLM-000106,KM-POL-000353,Open,2022-06-05,2022-07-07,Rear End Collision,NY,1,ADJ-A04,Y,N
KM-CLM-000107,KM-POL-000692,Reopened,2021-07-06,2021-07-22,Cut/Laceration,DE,2,ADJ-A03,N,N
KM-CLM-000108,KM-POL-000675,Open,2021-10-19,2021-11-22,Burn,OH,1,ADJ-A04,N,N
KM-CLM-000109,KM-POL-000631,Closed,2024-08-04,2024-09-09,Parking,NY,1,ADJ-A05,Y,N
KM-CLM-000110,KM-POL-000325,Closed,2024-04-02,2024-04-18,Product Defect,OH,2,ADJ-A03,N,N
KM-CLM-000111,KM-POL-000901,Closed,2024-04-13,2024-05-27,Motor Vehicle,PA,1,ADJ-A01,Y,N
KM-CLM-000112,KM-POL-001252,Closed,2023-11-10,2023-12-08,Sideswipe,PA,3,ADJ-A02,N,N
KM-CLM-000113,KM-POL-001169,Closed,2023-04-09,2023-05-03,Cut/Laceration,NY,1,ADJ-A01,N,N
KM-CLM-000114,KM-POL-001973,Closed,2022-01-27,2022-03-04,Burn,PA,2,ADJ-A05,N,N
KM-CLM-000115,KM-POL-000308,Reopened,2023-12-18,2024-01-17,Fall,NY,1,ADJ-A03,N,N
KM-CLM-000116,KM-POL-000654,Closed,2022-12-07,2022-12-22,Parking,PA,1,ADJ-A01,N,N
KM-CLM-000117,KM-POL-001658,Closed,2024-03-15,2024-04-05,Cut/Laceration,DE,1,ADJ-A03,N,N
KM-CLM-000118,KM-POL-000285,Closed,2022-03-27,2022-04-25,Head On,PA,1,ADJ-A04,N,N
KM-CLM-000119,KM-POL-000392,Open,2023-06-05,2023-07-18,Burn,PA,1,ADJ-A02,N,N
KM-CLM-000120,KM-POL-001762,Closed,2023-10-06,2023-11-04,Product Defect,NY,1,ADJ-A05,N,N
KM-CLM-000121,KM-POL-000360,Closed,2021-08-12,2021-09-18,Single Vehicle,PA,1,ADJ-A01,N,N
KM-CLM-000122,KM-POL-000769,Open,2024-01-19,2024-01-20,Burn,DE,1,ADJ-A02,N,
KM-CLM-000123,KM-POL-000797,Open,2024-07-08,2024-08-07,Advertising Injury,PA,1,ADJ-A05,Y,N
KM-CLM-000124,KM-POL-000932,Open,2021-03-29,2021-04-05,Product Defect,NY,1,ADJ-A05,N,N
KM-CLM-000125,KM-POL-001971,Closed,2021-09-05,2021-09-21,Fall,MD,2,ADJ-A04,N,Y
KM-CLM-000126,KM-POL-000165,Closed,2021-09-12,2021-09-16,Strain,NJ,2,ADJ-A03,N,N
KM-CLM-000127,KM-POL-000733,Open,2022-03-30,2022-04-23,Intersection,PA,1,ADJ-A03,N,N
KM-CLM-000128,KM-POL-000581,Closed,2024-12-20,2025-01-29,Parking,PA,1,ADJ-A02,N,N
KM-CLM-000129,KM-POL-000821,Reopened,2022-03-29,2022-04-12,Property Damage,MD,2,ADJ-A04,N,N
KM-CLM-000130,KM-POL-001248,Open,2021-07-11,2021-08-23,Repetitive Motion,NJ,1,ADJ-A05,N,N
KM-CLM-000131,KM-POL-000124,Closed,2024-10-30,2024-12-13,Burn,NJ,1,ADJ-A04,N,N
KM-CLM-000132,KM-POL-001972,Reopened,2024-01-06,2024-01-20,Slip and Fall,DE,1,ADJ-A04,N,N
KM-CLM-000133,KM-POL-000344,Reopened,2023-04-21,2023-05-11,Strain,NJ,1,ADJ-A02,Y,N
KM-CLM-000134,KM-POL-001875,Open,2023-05-19,2023-06-14,Head On,PA,1,ADJ-A03,Y,N
KM-CLM-000135,KM-POL-000524,Open,2023-12-26,2024-01-17,Bodily Injury,NJ,1,ADJ-A04,N,N
KM-CLM-000136,KM-POL-001076,Open,2023-11-23,2023-12-26,Cut/Laceration,OH,1,ADJ-A04,N,N
KM-CLM-000137,KM-POL-000129,Closed,2024-04-12,2024-05-16,Struck By,OH,1,ADJ-A04,N,N
KM-CLM-000138,KM-POL-001159,Closed,2021-11-11,2021-11-11,Property Damage,OH,1,ADJ-A01,N,N
KM-CLM-000139,KM-POL-000657,Closed,2022-05-02,2022-06-15,Fall,OH,1,ADJ-A04,N,N
KM-CLM-000140,KM-POL-001151,Closed,2022-07-24,2022-08-09,Intersection,NY,1,ADJ-A04,N,N
KM-CLM-000141,KM-POL-000738,Open,2022-08-24,2022-09-08,Property Damage,DE,1,ADJ-A05,N,N
KM-CLM-000142,KM-POL-000939,Closed,2023-01-31,2023-02-18,Burn,MD,2,ADJ-A01,N,N
KM-CLM-000143,KM-POL-000071,Closed,2022-04-11,2022-04-16,Head On,NY,1,ADJ-A04,N,N
KM-CLM-000144,KM-POL-000273,Closed,2024-01-20,2024-02-14,Slip and Fall,NJ,1,ADJ-A04,N,N
KM-CLM-000145,KM-POL-001211,Closed,2023-02-25,2023-04-09,Motor Vehicle,PA,1,ADJ-A02,N,N
KM-CLM-000146,KM-POL-001027,Closed,2023-09-24,2023-10-15,Property Damage,MD,1,ADJ-A02,N,N
KM-CLM-000147,KM-POL-001309,Open,2024-11-03,2024-11-07,Fall,NJ,1,ADJ-A01,N,N
KM-CLM-000148,KM-POL-000022,Open,2021-12-12,2022-01-16,Struck By,DE,1,ADJ-A05,N,N
KM-CLM-000149,KM-POL-000166,Open,2022-07-17,2022-07-28,Advertising Injury,MD,2,ADJ-A01,N,N
KM-CLM-000150,KM-POL-001334,Open,2022-03-06,2022-04-05,Bodily Injury,PA,1,ADJ-A01,N,N
KM-CLM-000151,KM-POL-000875,Closed,2022-04-28,2022-05-18,Burn,NY,2,ADJ-A02,Y,N
KM-CLM-000152,KM-POL-001501,Open,2022-05-09,2022-05-31,Sideswipe,PA,1,ADJ-A02,Y,N
KM-CLM-000153,KM-POL-000498,Open,2023-01-20,2023-02-02,Cut/Laceration,OH,3,ADJ-A05,N,N
KM-CLM-000154,KM-POL-000434,Closed,2022-04-12,2022-05-18,Strain,PA,2,ADJ-A04,N,N
KM-CLM-000155,KM-POL-000758,Closed,2022-03-21,2022-04-07,Sideswipe,OH,3,ADJ-A05,N,N
KM-CLM-000156,KM-POL-000234,Closed,2022-03-24,2022-04-04,Sideswipe,OH,1,ADJ-A04,Y,N
KM-CLM-000157,KM-POL-000837,Closed,2023-08-24,2023-10-06,Property Damage,MD,1,ADJ-A03,N,N
KM-CLM-000158,KM-POL-001694,Closed,2024-10-11,2024-10-23,Fall,PA,2,ADJ-A02,N,
KM-CLM-000159,KM-POL-000663,Reopened,2023-04-05,2023-05-06,Head On,PA,2,ADJ-A03,N,N
KM-CLM-000160,KM-POL-000725,Open,2024-05-05,2024-05-17,Rear End Collision,NJ,3,ADJ-A03,N,N
KM-CLM-000161,KM-POL-000376,Closed,2022-01-06,2022-01-21,Strain,PA,1,ADJ-A02,Y,N
KM-CLM-000162,KM-POL-000730,Reopened,2023-07-21,2023-08-05,Repetitive Motion,NJ,2,ADJ-A03,N,N
KM-CLM-000163,KM-POL-001270,Closed,2022-06-09,2022-06-25,Strain,NY,1,ADJ-A01,N,Y
KM-CLM-000164,KM-POL-000303,Open,2024-06-02,2024-06-15,Sideswipe,DE,1,ADJ-A04,N,N
KM-CLM-000165,KM-POL-000405,Closed,2022-08-29,2022-09-12,Burn,NY,1,ADJ-A05,N,
KM-CLM-000166,KM-POL-001812,Open,2024-04-23,2024-05-05,Sideswipe,NJ,1,ADJ-A02,Y,N
KM-CLM-000167,KM-POL-001687,Closed,2022-12-29,2023-01-13,Property Damage,MD,2,ADJ-A01,N,N
KM-CLM-000168,KM-POL-000708,Closed,2024-01-28,2024-03-07,Slip and Fall,PA,1,ADJ-A05,N,N
KM-CLM-000169,KM-POL-000917,Closed,2023-12-30,2024-01-21,Struck By,NY,1,ADJ-A05,Y,N
KM-CLM-000170,KM-POL-000021,Closed,2023-04-17,2023-04-26,Head On,MD,1,ADJ-A05,N,N
KM-CLM-000171,KM-POL-000257,Closed,2021-08-10,2021-08-16,Slip and Fall,DE,1,ADJ-A03,N,
KM-CLM-000172,KM-POL-000399,Closed,2023-11-17,2023-11-24,Intersection,NY,1,ADJ-A03,N,N
KM-CLM-000173,KM-POL-001553,Closed,2024-01-01,2024-01-06,Bodily Injury,DE,1,ADJ-A03,N,N
KM-CLM-000174,KM-POL-000051,Closed,2021-10-08,2021-11-20,Bodily Injury,NJ,1,ADJ-A03,N,N
KM-CLM-000175,KM-POL-000447,Open,2021-11-26,2022-01-07,Slip and Fall,PA,2,ADJ-A01,N,N
KM-CLM-000176,KM-POL-001294,Closed,2022-12-07,2023-01-07,Intersection,DE,3,ADJ-A03,N,Y
KM-CLM-000177,KM-POL-000827,Open,2023-11-15,2023-12-24,Fall,NY,1,ADJ-A02,N,N
KM-CLM-000178,KM-POL-000595,Closed,2023-09-21,2023-09-21,Advertising Injury,PA,1,ADJ-A05,Y,N
KM-CLM-000179,KM-POL-000818,Reopened,2023-02-12,2023-03-18,Fall,PA,1,ADJ-A01,N,N
KM-CLM-000180,KM-POL-000636,Closed,2022-11-16,2022-11-18,Fall,NY,1,ADJ-A03,N,N
KM-CLM-000181,KM-POL-001826,Closed,2023-01-30,2023-03-01,Single Vehicle,PA,1,ADJ-A05,N,N
KM-CLM-000182,KM-POL-001286,Open,2023-04-13,2023-05-06,Single Vehicle,PA,1,ADJ-A01,N,N
KM-CLM-000183,KM-POL-001389,Open,2021-12-02,2022-01-10,Property Damage,PA,1,ADJ-A05,N,Y
KM-CLM-000184,KM-POL-001073,Closed,2021-05-07,2021-05-27,Burn,NJ,3,ADJ-A01,Y,N
KM-CLM-000185,KM-POL-001542,Open,2021-04-16,2021-05-17,Cut/Laceration,OH,1,ADJ-A04,N,N
KM-CLM-000186,KM-POL-001653,Closed,2024-08-03,2024-09-08,Burn,OH,1,ADJ-A01,N,N
KM-CLM-000187,KM-POL-001142,Open,2021-12-04,2021-12-21,Repetitive Motion,MD,3,ADJ-A03,N,N
KM-CLM-000188,KM-POL-001477,Closed,2022-08-14,2022-09-14,Product Defect,MD,1,ADJ-A05,Y,Y
KM-CLM-000189,KM-POL-000775,Open,2024-07-08,2024-07-19,Head On,DE,1,ADJ-A05,Y,
KM-CLM-000190,KM-POL-001889,Reopened,2023-03-05,2023-04-06,Head On,NY,1,ADJ-A05,N,N
KM-CLM-000191,KM-POL-000973,Closed,2022-01-03,2022-01-20,Head On,NY,3,ADJ-A02,N,
KM-CLM-000192,KM-POL-001971,Closed,2022-02-13,2022-03-10,Strain,MD,1,ADJ-A02,N,N
KM-CLM-000193,KM-POL-001910,Open,2024-02-14,2024-02-28,Cut/Laceration,NJ,2,ADJ-A03,N,N
KM-CLM-000194,KM-POL-001665,Closed,2023-08-23,2023-09-28,Advertising Injury,DE,1,ADJ-A04,N,N
KM-CLM-000195,KM-POL-000397,Open,2022-08-24,2022-09-01,Advertising Injury,PA,1,ADJ-A02,N,N
KM-CLM-000196,KM-POL-000683,Closed,2024-06-02,2024-06-05,Strain,PA,1,ADJ-A01,N,N
KM-CLM-000197,KM-POL-001051,Closed,2023-11-12,2023-12-15,Property Damage,PA,1,ADJ-A03,N,N
KM-CLM-000198,KM-POL-000711,Closed,2023-08-15,2023-09-11,Sideswipe,NY,2,ADJ-A04,N,N
KM-CLM-000199,KM-POL-001396,Closed,2022-08-26,2022-09-25,Slip and Fall,MD,1,ADJ-A01,N,N
KM-CLM-000200,KM-POL-001923,Closed,2024-03-19,2024-04-22,Intersection,NY,1,ADJ-A05,N,Y
KM-CLM-000201,KM-POL-001850,Reopened,2023-02-03,2023-02-05,Sideswipe,PA,1,ADJ-A02,N,N
KM-CLM-000202,KM-POL-001881,Reopened,2022-11-17,2022-12-19,Head On,DE,2,ADJ-A01,N,N
KM-CLM-000203,KM-POL-001121,Closed,2024-05-22,2024-06-13,Advertising Injury,PA,1,ADJ-A04,N,N
KM-CLM-000204,KM-POL-000529,Closed,2023-12-29,2024-01-23,Struck By,PA,2,ADJ-A03,N,N
KM-CLM-000205,KM-POL-000685,Closed,2024-06-10,2024-07-23,Slip and Fall,NJ,1,ADJ-A01,N,N
KM-CLM-000206,KM-POL-001998,Open,2023-09-04,2023-09-15,Cut/Laceration,NJ,1,ADJ-A03,N,N
KM-CLM-000207,KM-POL-000613,Closed,2023-11-03,2023-12-02,Head On,PA,1,ADJ-A05,N,N
KM-CLM-000208,KM-POL-000186,Closed,2022-08-08,2022-08-15,Rear End Collision,MD,1,ADJ-A04,N,N
KM-CLM-000209,KM-POL-000696,Open,2021-11-04,2021-12-18,Rear End Collision,DE,1,ADJ-A04,N,N
KM-CLM-000210,KM-POL-001974,Open,2022-08-15,2022-09-17,Parking,NY,1,ADJ-A02,N,N
KM-CLM-000211,KM-POL-000215,Closed,2022-06-26,2022-07-25,Head On,NY,1,ADJ-A04,N,N
KM-CLM-000212,KM-POL-001275,Closed,2023-04-23,2023-05-13,Intersection,OH,3,ADJ-A01,N,N
KM-CLM-000213,KM-POL-000216,Closed,2023-02-06,2023-03-22,Repetitive Motion,NJ,1,ADJ-A01,N,N
KM-CLM-000214,KM-POL-000029,Closed,2022-12-18,2022-12-18,Head On,PA,1,ADJ-A01,N,N
KM-CLM-000215,KM-POL-000102,Closed,2021-05-17,2021-05-17,Intersection,DE,1,ADJ-A05,N,
KM-CLM-000216,KM-POL-000123,Closed,2023-01-10,2023-02-22,Motor Vehicle,MD,1,ADJ-A04,N,N
KM-CLM-000217,KM-POL-000054,Closed,2023-10-29,2023-11-11,Slip and Fall,MD,1,ADJ-A04,N,N
KM-CLM-000218,KM-POL-001307,Closed,2022-03-09,2022-04-02,Rear End Collision,NJ,1,ADJ-A01,N,N
KM-CLM-000219,KM-POL-001638,Open,2023-04-01,2023-05-08,Struck By,PA,1,ADJ-A02,N,N
KM-CLM-000220,KM-POL-001141,Closed,2021-09-10,2021-09-16,Bodily Injury,NJ,1,ADJ-A02,Y,N
KM-CLM-000221,KM-POL-000616,Open,2024-08-15,2024-09-04,Product Defect,PA,1,ADJ-A04,N,N
KM-CLM-000222,KM-POL-000557,Closed,2022-09-11,2022-10-04,Cut/Laceration,DE,1,ADJ-A04,N,N
KM-CLM-000223,KM-POL-000114,Reopened,2024-06-07,2024-07-16,Advertising Injury,OH,1,ADJ-A03,N,N
KM-CLM-000224,KM-POL-000855,Open,2023-10-09,2023-10-25,Repetitive Motion,PA,1,ADJ-A04,Y,N
KM-CLM-000225,KM-POL-001567,Closed,2023-03-01,2023-03-12,Rear End Collision,DE,1,ADJ-A01,Y,Y
KM-CLM-000226,KM-POL-000676,Closed,2022-02-17,2022-03-24,Property Damage,PA,1,ADJ-A05,N,N
KM-CLM-000227,KM-POL-000977,Closed,2022-10-01,2022-10-17,Parking,OH,1,ADJ-A04,N,N
KM-CLM-000228,KM-POL-000701,Closed,2023-03-28,2023-04-12,Single Vehicle,DE,1,ADJ-A04,N,N
KM-CLM-000229,KM-POL-001317,Closed,2022-11-19,2022-12-06,Single Vehicle,NJ,1,ADJ-A01,N,N
KM-CLM-000230,KM-POL-001219,Closed,2024-03-24,2024-04-23,Rear End Collision,NY,1,ADJ-A03,Y,N
KM-CLM-000231,KM-POL-000292,Closed,2022-03-02,2022-04-10,Fall,PA,1,ADJ-A04,N,N
KM-CLM-000232,KM-POL-001911,Closed,2022-11-23,2022-12-14,Fall,PA,1,ADJ-A02,Y,N
KM-CLM-000233,KM-POL-000261,Closed,2022-09-17,2022-10-10,Single Vehicle,NY,1,ADJ-A02,N,
KM-CLM-000234,KM-POL-001966,Closed,2022-12-10,2022-12-21,Parking,NY,1,ADJ-A02,N,N
KM-CLM-000235,KM-POL-001231,Open,2022-09-23,2022-10-24,Advertising Injury,DE,1,ADJ-A05,N,
KM-CLM-000236,KM-POL-000564,Closed,2022-03-15,2022-04-11,Repetitive Motion,PA,1,ADJ-A05,N,N
KM-CLM-000237,KM-POL-000049,Closed,2021-09-09,2021-09-22,Rear End Collision,DE,1,ADJ-A04,N,N
KM-CLM-000238,KM-POL-001030,Closed,2022-08-03,2022-08-29,Slip and Fall,NY,1,ADJ-A04,N,N
KM-CLM-000239,KM-POL-000379,Closed,2023-02-08,2023-03-24,Product Defect,NJ,1,ADJ-A04,N,N
KM-CLM-000240,KM-POL-001418,Closed,2023-09-03,2023-09-26,Burn,NY,1,ADJ-A05,N,N
KM-CLM-000241,KM-POL-001910,Open,2024-01-13,2024-02-05,Struck By,NJ,1,ADJ-A04,N,N
KM-CLM-000242,KM-POL-000224,Closed,2022-07-11,2022-08-05,Struck By,PA,1,ADJ-A01,N,N
KM-CLM-000243,KM-POL-001047,Closed,2023-08-16,2023-09-02,Cut/Laceration,NJ,1,ADJ-A03,N,N
KM-CLM-000244,KM-POL-001008,Reopened,2024-06-03,2024-07-01,Bodily Injury,PA,1,ADJ-A02,N,N
KM-CLM-000245,KM-POL-000657,Open,2022-05-30,2022-06-10,Repetitive Motion,OH,2,ADJ-A02,N,N
KM-CLM-000246,KM-POL-000110,Closed,2022-09-05,2022-10-11,Fall,MD,1,ADJ-A01,N,N
KM-CLM-000247,KM-POL-000724,Closed,2023-07-08,2023-07-16,Rear End Collision,NJ,1,ADJ-A04,N,N
KM-CLM-000248,KM-POL-001836,Open,2023-04-23,2023-05-29,Intersection,NJ,2,ADJ-A05,N,N
KM-CLM-000249,KM-POL-000553,Closed,2022-06-23,2022-08-05,Head On,OH,2,ADJ-A04,N,N
KM-CLM-000250,KM-POL-001423,Open,2022-02-15,2022-03-01,Struck By,NY,2,ADJ-A04,N,N
KM-CLM-000251,KM-POL-001196,Reopened,2023-03-19,2023-03-25,Property Damage,DE,1,ADJ-A02,N,N
KM-CLM-000252,KM-POL-001006,Closed,2022-04-05,2022-04-22,Head On,OH,2,ADJ-A02,N,
KM-CLM-000253,KM-POL-000698,Open,2022-10-31,2022-11-15,Intersection,NJ,1,ADJ-A05,N,N
KM-CLM-000254,KM-POL-000726,Open,2023-11-08,2023-12-13,Product Defect,NJ,1,ADJ-A02,N,N
KM-CLM-000255,KM-POL-000306,Closed,2021-05-05,2021-06-01,Advertising Injury,NJ,1,ADJ-A04,N,N
KM-CLM-000256,KM-POL-001588,Closed,2024-02-03,2024-02-27,Struck By,NY,1,ADJ-A01,N,N
KM-CLM-000257,KM-POL-001606,Closed,2021-11-19,2021-12-01,Rear End Collision,PA,1,ADJ-A05,N,N
KM-CLM-000258,KM-POL-001732,Closed,2023-11-30,2023-12-09,Head On,MD,1,ADJ-A01,N,N
KM-CLM-000259,KM-POL-000959,Closed,2022-09-05,2022-09-14,Struck By,PA,1,ADJ-A04,N,N
KM-CLM-000260,KM-POL-000954,Open,2024-02-05,2024-03-06,Bodily Injury,NJ,1,ADJ-A05,N,N
KM-CLM-000261,KM-POL-001175,Closed,2022-11-16,2022-11-16,Rear End Collision,PA,2,ADJ-A01,N,N
KM-CLM-000262,KM-POL-001452,Closed,2022-05-21,2022-06-01,Single Vehicle,NY,1,ADJ-A05,N,N
KM-CLM-000263,KM-POL-000621,Closed,2022-12-28,2023-01-23,Struck By,NY,1,ADJ-A04,N,N
KM-CLM-000264,KM-POL-001491,Closed,2023-04-28,2023-05-29,Fall,PA,2,ADJ-A05,N,N
KM-CLM-000265,KM-POL-000630,Open,2023-02-25,2023-03-05,Fall,NJ,1,ADJ-A04,Y,N
KM-CLM-000266,KM-POL-000877,Open,2022-05-01,2022-06-10,Intersection,NJ,1,ADJ-A05,N,N
KM-CLM-000267,KM-POL-001631,Closed,2024-01-14,2024-02-16,Parking,NY,2,ADJ-A05,N,N
KM-CLM-000268,KM-POL-001792,Closed,2022-09-02,2022-10-06,Head On,PA,2,ADJ-A02,N,N
KM-CLM-000269,KM-POL-000556,Closed,2023-05-01,2023-05-21,Fall,MD,2,ADJ-A04,N,N
KM-CLM-000270,KM-POL-001972,Closed,2023-09-10,2023-10-11,Slip and Fall,DE,1,ADJ-A03,N,N
KM-CLM-000271,KM-POL-000067,Reopened,2023-11-13,2023-12-02,Repetitive Motion,PA,1,ADJ-A05,Y,N
KM-CLM-000272,KM-POL-001180,Closed,2021-05-05,2021-05-21,Parking,NY,1,ADJ-A01,N,N
KM-CLM-000273,KM-POL-000835,Closed,2023-10-27,2023-12-01,Single Vehicle,NJ,1,ADJ-A02,Y,N
KM-CLM-000274,KM-POL-000206,Open,2022-10-04,2022-11-09,Repetitive Motion,MD,1,ADJ-A02,N,N
KM-CLM-000275,KM-POL-000786,Open,2023-11-15,2023-11-18,Advertising Injury,PA,1,ADJ-A05,N,N
KM-CLM-000276,KM-POL-000155,Closed,2023-12-12,2024-01-06,Product Defect,PA,2,ADJ-A03,N,N
KM-CLM-000277,KM-POL-001715,Closed,2022-11-22,2022-11-28,Cut/Laceration,MD,1,ADJ-A02,N,N
KM-CLM-000278,KM-POL-001533,Closed,2021-10-29,2021-12-12,Sideswipe,NJ,1,ADJ-A04,N,N
KM-CLM-000279,KM-POL-001596,Closed,2023-02-01,2023-02-11,Single Vehicle,NY,1,ADJ-A05,N,N
KM-CLM-000280,KM-POL-001098,Closed,2023-06-11,2023-06-14,Fall,PA,1,ADJ-A05,N,N
KM-CLM-000281,KM-POL-001073,Open,2021-09-16,2021-09-29,Cut/Laceration,NJ,3,ADJ-A03,N,
KM-CLM-000282,KM-POL-000783,Closed,2022-01-12,2022-01-28,Struck By,MD,1,ADJ-A04,N,N
KM-CLM-000283,KM-POL-001491,Open,2023-02-14,2023-03-16,Burn,PA,1,ADJ-A04,N,N
KM-CLM-000284,KM-POL-000585,Open,2024-02-24,2024-04-04,Intersection,DE,1,ADJ-A03,N,N
KM-CLM-000285,KM-POL-000708,Closed,2023-10-13,2023-10-19,Bodily Injury,PA,1,ADJ-A01,Y,N
KM-CLM-000286,KM-POL-001935,Open,2024-04-09,2024-05-07,Single Vehicle,NJ,1,ADJ-A04,Y,N
KM-CLM-000287,KM-POL-000179,Closed,2024-03-09,2024-03-30,Product Defect,NY,2,ADJ-A01,N,N
KM-CLM-000288,KM-POL-001072,Open,2022-01-30,2022-02-15,Fall,NY,1,ADJ-A01,N,Y
KM-CLM-000289,KM-POL-001096,Open,2021-09-30,2021-10-23,Repetitive Motion,NY,1,ADJ-A05,N,N
KM-CLM-000290,KM-POL-000113,Closed,2023-01-22,2023-02-14,Product Defect,PA,1,ADJ-A05,N,N
KM-CLM-000291,KM-POL-000757,Closed,2021-10-03,2021-11-07,Single Vehicle,NJ,2,ADJ-A02,N,
KM-CLM-000292,KM-POL-000897,Open,2023-03-08,2023-04-12,Burn,DE,1,ADJ-A05,N,N
KM-CLM-000293,KM-POL-001927,Open,2023-07-18,2023-08-03,Head On,NY,1,ADJ-A04,N,N
KM-CLM-000294,KM-POL-000821,Reopened,2022-03-10,2022-04-01,Product Defect,MD,1,ADJ-A04,N,N
KM-CLM-000295,KM-POL-000159,Closed,2024-04-26,2024-04-27,Motor Vehicle,NJ,2,ADJ-A01,N,N
KM-CLM-000296,KM-POL-000786,Closed,2024-09-08,2024-10-04,Product Defect,PA,2,ADJ-A04,N,N
KM-CLM-000297,KM-POL-001804,Closed,2023-10-26,2023-11-02,Struck By,MD,2,ADJ-A05,Y,N
KM-CLM-000298,KM-POL-001840,Open,2022-02-12,2022-03-06,Repetitive Motion,NY,2,ADJ-A05,N,N
KM-CLM-000299,KM-POL-001054,Closed,2022-01-21,2022-03-05,Head On,PA,1,ADJ-A05,N,N
KM-CLM-000300,KM-POL-001121,Closed,2023-11-25,2024-01-02,Advertising Injury,PA,1,ADJ-A03,N,N
KM-CLM-000301,KM-POL-000251,Closed,2022-01-03,2022-01-15,Fall,PA,2,ADJ-A04,N,N
KM-CLM-000302,KM-POL-001543,Open,2022-05-30,2022-07-05,Parking,PA,2,ADJ-A02,N,N
KM-CLM-000303,KM-POL-001116,Closed,2024-01-14,2024-02-19,Sideswipe,OH,1,ADJ-A04,Y,N
KM-CLM-000304,KM-POL-000113,Open,2023-07-05,2023-08-15,Advertising Injury,PA,1,ADJ-A04,N,N
KM-CLM-000305,KM-POL-000259,Open,2024-10-20,2024-11-30,Sideswipe,NJ,3,ADJ-A03,Y,N
KM-CLM-000306,KM-POL-000107,Open,2022-10-01,2022-11-04,Struck By,OH,1,ADJ-A04,N,N
KM-CLM-000307,KM-POL-000575,Open,2022-06-02,2022-06-13,Slip and Fall,PA,2,ADJ-A01,N,N
KM-CLM-000308,KM-POL-001414,Reopened,2024-01-08,2024-01-26,Burn,NJ,1,ADJ-A05,N,N
KM-CLM-000309,KM-POL-000991,Closed,2021-11-15,2021-12-07,Single Vehicle,PA,1,ADJ-A05,N,N
KM-CLM-000310,KM-POL-001382,Open,2024-04-05,2024-04-25,Repetitive Motion,NJ,1,ADJ-A03,N,N
KM-CLM-000311,KM-POL-001807,Reopened,2021-05-18,2021-06-30,Rear End Collision,NJ,1,ADJ-A05,N,N
KM-CLM-000312,KM-POL-001223,Closed,2023-10-04,2023-11-05,Fall,PA,1,ADJ-A01,N,N
KM-CLM-000313,KM-POL-000427,Closed,2024-04-01,2024-05-02,Struck By,PA,1,ADJ-A03,N,N
KM-CLM-000314,KM-POL-001502,Reopened,2024-09-15,2024-10-13,Sideswipe,OH,1,ADJ-A02,N,N
KM-CLM-000315,KM-POL-000859,Open,2022-06-15,2022-06-20,Head On,PA,3,ADJ-A05,N,N
KM-CLM-000316,KM-POL-001873,Closed,2023-10-01,2023-10-25,Rear End Collision,PA,1,ADJ-A04,N,N
KM-CLM-000317,KM-POL-001527,Closed,2022-06-25,2022-08-03,Motor Vehicle,MD,1,ADJ-A01,Y,N
KM-CLM-000318,KM-POL-001682,Closed,2022-06-07,2022-06-25,Property Damage,PA,1,ADJ-A01,Y,N
KM-CLM-000319,KM-POL-000918,Closed,2024-01-12,2024-02-10,Bodily Injury,OH,1,ADJ-A05,N,N
KM-CLM-000320,KM-POL-001597,Closed,2023-10-08,2023-11-17,Cut/Laceration,PA,1,ADJ-A02,N,N
KM-CLM-000321,KM-POL-001144,Closed,2022-02-23,2022-03-04,Intersection,DE,1,ADJ-A04,N,N
KM-CLM-000322,KM-POL-001597,Open,2023-09-27,2023-10-07,Cut/Laceration,PA,1,ADJ-A02,N,
KM-CLM-000323,KM-POL-001333,Closed,2022-12-27,2023-02-05,Repetitive Motion,PA,1,ADJ-A02,Y,N
KM-CLM-000324,KM-POL-001562,Open,2021-11-17,2021-12-08,Motor Vehicle,OH,1,ADJ-A05,N,
KM-CLM-000325,KM-POL-000627,Reopened,2023-04-08,2023-05-04,Head On,PA,1,ADJ-A04,N,N
KM-CLM-000326,KM-POL-000475,Open,2022-08-11,2022-09-20,Head On,DE,1,ADJ-A05,N,N
KM-CLM-000327,KM-POL-000552,Closed,2022-11-02,2022-12-11,Property Damage,PA,2,ADJ-A05,N,N
KM-CLM-000328,KM-POL-000344,Closed,2023-08-02,2023-09-07,Fall,NJ,2,ADJ-A01,N,N
KM-CLM-000329,KM-POL-000628,Reopened,2023-05-25,2023-06-19,Sideswipe,NY,3,ADJ-A05,Y,N
KM-CLM-000330,KM-POL-000136,Closed,2022-11-10,2022-11-14,Strain,OH,2,ADJ-A03,N,N
KM-CLM-000331,KM-POL-000277,Closed,2024-01-27,2024-02-01,Sideswipe,NY,1,ADJ-A04,N,N
KM-CLM-000332,KM-POL-001835,Closed,2024-05-31,2024-06-10,Product Defect,NJ,1,ADJ-A01,N,N
KM-CLM-000333,KM-POL-001557,Closed,2024-07-13,2024-08-03,Rear End Collision,PA,1,ADJ-A04,N,N
KM-CLM-000334,KM-POL-001923,Closed,2023-09-05,2023-09-19,Single Vehicle,NY,2,ADJ-A01,N,N
KM-CLM-000335,KM-POL-000031,Closed,2022-05-25,2022-06-14,Single Vehicle,PA,2,ADJ-A03,N,N
KM-CLM-000336,KM-POL-000247,Reopened,2023-12-10,2023-12-30,Struck By,PA,2,ADJ-A05,N,N
KM-CLM-000337,KM-POL-000411,Closed,2023-07-28,2023-09-07,Burn,NY,1,ADJ-A01,Y,N
KM-CLM-000338,KM-POL-000027,Open,2022-10-24,2022-11-11,Burn,NY,2,ADJ-A01,N,N
KM-CLM-000339,KM-POL-000073,Closed,2022-01-23,2022-03-09,Burn,PA,1,ADJ-A01,Y,N
KM-CLM-000340,KM-POL-001977,Closed,2023-02-11,2023-02-28,Fall,NJ,1,ADJ-A03,N,N
KM-CLM-000341,KM-POL-001121,Closed,2024-05-16,2024-06-23,Advertising Injury,PA,2,ADJ-A04,N,N
KM-CLM-000342,KM-POL-000673,Closed,2022-04-22,2022-06-02,Fall,NY,1,ADJ-A03,N,N
KM-CLM-000343,KM-POL-001370,Open,2021-11-11,2021-12-06,Fall,NY,3,ADJ-A01,Y,N
KM-CLM-000344,KM-POL-000476,Closed,2022-10-30,2022-11-16,Slip and Fall,OH,1,ADJ-A01,N,N
KM-CLM-000345,KM-POL-001324,Closed,2024-04-11,2024-05-09,Struck By,DE,2,ADJ-A05,N,N
KM-CLM-000346,KM-POL-001323,Closed,2022-03-20,2022-04-12,Slip and Fall,NY,1,ADJ-A03,Y,N
KM-CLM-000347,KM-POL-000287,Open,2023-04-22,2023-05-29,Head On,MD,2,ADJ-A03,N,N
KM-CLM-000348,KM-POL-001909,Closed,2022-03-11,2022-04-13,Motor Vehicle,DE,2,ADJ-A02,Y,N
KM-CLM-000349,KM-POL-001473,Closed,2024-01-22,2024-02-19,Bodily Injury,NY,2,ADJ-A04,N,N
KM-CLM-000350,KM-POL-000212,Open,2022-07-06,2022-08-01,Sideswipe,OH,1,ADJ-A02,Y,N
KM-CLM-000351,KM-POL-001100,Open,2021-05-22,2021-06-01,Burn,NJ,2,ADJ-A02,N,N
KM-CLM-000352,KM-POL-000401,Reopened,2023-04-29,2023-05-10,Motor Vehicle,NJ,1,ADJ-A04,Y,N
KM-CLM-000353,KM-POL-000655,Open,2023-06-01,2023-06-02,Burn,NY,1,ADJ-A05,N,N
KM-CLM-000354,KM-POL-001058,Reopened,2022-03-03,2022-03-11,Cut/Laceration,PA,1,ADJ-A05,N,N
KM-CLM-000355,KM-POL-000498,Open,2022-03-19,2022-04-03,Repetitive Motion,OH,2,ADJ-A04,N,N
KM-CLM-000356,KM-POL-000848,Closed,2022-09-16,2022-10-28,Property Damage,PA,1,ADJ-A04,N,N
KM-CLM-000357,KM-POL-001540,Closed,2023-10-04,2023-10-20,Sideswipe,PA,2,ADJ-A03,Y,N
KM-CLM-000358,KM-POL-001352,Closed,2021-06-11,2021-07-25,Parking,NJ,1,ADJ-A03,N,N
KM-CLM-000359,KM-POL-000098,Closed,2021-11-12,2021-11-17,Cut/Laceration,NY,1,ADJ-A03,Y,N
KM-CLM-000360,KM-POL-000366,Closed,2022-12-01,2022-12-14,Cut/Laceration,PA,2,ADJ-A03,N,N
KM-CLM-000361,KM-POL-001753,Closed,2022-09-04,2022-09-14,Fall,NJ,1,ADJ-A01,Y,N
KM-CLM-000362,KM-POL-000463,Open,2023-08-01,2023-08-26,Sideswipe,NY,2,ADJ-A01,N,N
KM-CLM-000363,KM-POL-000028,Closed,2023-01-05,2023-01-11,Sideswipe,MD,1,ADJ-A05,N,N
KM-CLM-000364,KM-POL-000713,Open,2021-11-16,2021-11-22,Sideswipe,NJ,1,ADJ-A01,N,N
KM-CLM-000365,KM-POL-001410,Closed,2022-09-14,2022-09-18,Slip and Fall,PA,1,ADJ-A01,N,
KM-CLM-000366,KM-POL-000273,Open,2024-02-21,2024-03-22,Bodily Injury,NJ,1,ADJ-A03,N,N
KM-CLM-000367,KM-POL-000826,Closed,2022-05-29,2022-07-03,Slip and Fall,OH,1,ADJ-A03,N,N
KM-CLM-000368,KM-POL-001151,Closed,2022-04-26,2022-04-29,Intersection,NY,1,ADJ-A04,N,N
KM-CLM-000369,KM-POL-000202,Open,2022-12-13,2022-12-14,Cut/Laceration,PA,1,ADJ-A03,N,N
KM-CLM-000370,KM-POL-001545,Open,2023-07-28,2023-08-22,Product Defect,OH,1,ADJ-A04,N,N
KM-CLM-000371,KM-POL-001311,Closed,2023-05-07,2023-06-09,Repetitive Motion,NY,1,ADJ-A04,N,N
KM-CLM-000372,KM-POL-000450,Closed,2023-10-29,2023-11-03,Repetitive Motion,NJ,2,ADJ-A01,N,N
KM-CLM-000373,KM-POL-001112,Closed,2021-05-23,2021-05-29,Fall,PA,1,ADJ-A03,N,N
KM-CLM-000374,KM-POL-001342,Closed,2024-06-23,2024-07-09,Sideswipe,DE,2,ADJ-A01,N,N
KM-CLM-000375,KM-POL-000019,Open,2023-03-07,2023-04-15,Strain,PA,1,ADJ-A03,N,N
KM-CLM-000376,KM-POL-001617,Closed,2023-12-19,2023-12-28,Product Defect,DE,1,ADJ-A01,N,Y
KM-CLM-000377,KM-POL-001131,Open,2023-12-26,2023-12-31,Parking,OH,1,ADJ-A01,N,N
KM-CLM-000378,KM-POL-001482,Closed,2023-05-13,2023-06-23,Motor Vehicle,DE,1,ADJ-A01,N,N
KM-CLM-000379,KM-POL-000311,Reopened,2021-12-02,2021-12-26,Burn,DE,1,ADJ-A05,N,N
KM-CLM-000380,KM-POL-000412,Closed,2021-11-13,2021-12-02,Bodily Injury,PA,1,ADJ-A01,N,N
KM-CLM-000381,KM-POL-000742,Closed,2021-11-20,2021-12-04,Repetitive Motion,PA,2,ADJ-A02,N,N
KM-CLM-000382,KM-POL-000624,Open,2024-09-19,2024-10-04,Intersection,MD,2,ADJ-A02,N,
KM-CLM-000383,KM-POL-000732,Closed,2023-08-11,2023-08-29,Bodily Injury,NJ,1,ADJ-A02,Y,N
KM-CLM-000384,KM-POL-000635,Closed,2022-07-03,2022-07-31,Fall,NY,2,ADJ-A04,Y,N
KM-CLM-000385,KM-POL-000498,Open,2022-04-06,2022-05-16,Cut/Laceration,OH,1,ADJ-A01,Y,N
KM-CLM-000386,KM-POL-000244,Open,2024-06-24,2024-07-02,Cut/Laceration,MD,1,ADJ-A02,N,N
KM-CLM-000387,KM-POL-000690,Closed,2024-05-20,2024-05-28,Motor Vehicle,NJ,1,ADJ-A04,N,N
KM-CLM-000388,KM-POL-000577,Closed,2022-11-03,2022-12-06,Strain,MD,2,ADJ-A02,N,N
KM-CLM-000389,KM-POL-001404,Closed,2022-09-27,2022-10-07,Single Vehicle,NJ,2,ADJ-A03,N,
KM-CLM-000390,KM-POL-000515,Reopened,2022-02-15,2022-02-16,Repetitive Motion,NY,2,ADJ-A05,N,
KM-CLM-000391,KM-POL-000207,Open,2022-12-26,2022-12-28,Motor Vehicle,PA,1,ADJ-A01,N,N
KM-CLM-000392,KM-POL-000948,Closed,2023-03-07,2023-04-18,Bodily Injury,DE,1,ADJ-A05,N,N
KM-CLM-000393,KM-POL-000394,Closed,2021-07-07,2021-07-29,Head On,PA,1,ADJ-A05,N,N
KM-CLM-000394,KM-POL-001045,Open,2023-05-29,2023-06-18,Property Damage,NY,1,ADJ-A03,Y,N
KM-CLM-000395,KM-POL-001829,Closed,2023-09-06,2023-10-06,Parking,OH,1,ADJ-A03,Y,N
KM-CLM-000396,KM-POL-001551,Open,2023-12-26,2024-01-24,Advertising Injury,OH,1,ADJ-A03,Y,Y
KM-CLM-000397,KM-POL-001367,Open,2023-04-17,2023-05-21,Head On,NJ,1,ADJ-A04,N,N
KM-CLM-000398,KM-POL-000718,Open,2022-10-22,2022-11-08,Advertising Injury,MD,1,ADJ-A02,N,N
KM-CLM-000399,KM-POL-001999,Reopened,2021-09-13,2021-10-18,Burn,DE,1,ADJ-A01,Y,N
KM-CLM-000400,KM-POL-000202,Closed,2022-09-24,2022-10-22,Burn,PA,1,ADJ-A03,Y,N
KM-CLM-000401,KM-POL-000120,Closed,2022-03-22,2022-03-30,Single Vehicle,OH,1,ADJ-A01,N,N
KM-CLM-000402,KM-POL-001673,Closed,2022-06-22,2022-08-05,Slip and Fall,NY,1,ADJ-A01,N,N
KM-CLM-000403,KM-POL-001836,Closed,2022-10-18,2022-11-21,Single Vehicle,NJ,1,ADJ-A01,N,N
KM-CLM-000404,KM-POL-001831,Closed,2021-10-21,2021-11-01,Slip and Fall,NJ,1,ADJ-A03,N,
KM-CLM-000405,KM-POL-000389,Reopened,2021-07-23,2021-08-29,Parking,NY,1,ADJ-A03,N,N
KM-CLM-000406,KM-POL-001561,Closed,2023-04-06,2023-05-14,Cut/Laceration,NJ,1,ADJ-A02,N,N
KM-CLM-000407,KM-POL-001848,Closed,2021-07-09,2021-08-07,Motor Vehicle,DE,1,ADJ-A03,Y,N
KM-CLM-000408,KM-POL-000234,Open,2022-12-14,2023-01-23,Rear End Collision,OH,2,ADJ-A03,N,N
KM-CLM-000409,KM-POL-001657,Closed,2022-12-08,2023-01-17,Sideswipe,NJ,1,ADJ-A01,N,N
KM-CLM-000410,KM-POL-000602,Closed,2022-12-03,2023-01-08,Burn,PA,1,ADJ-A02,N,N
KM-CLM-000411,KM-POL-001344,Reopened,2023-12-28,2024-01-24,Single Vehicle,PA,1,ADJ-A05,N,
KM-CLM-000412,KM-POL-000712,Open,2022-03-31,2022-05-03,Parking,DE,2,ADJ-A03,N,N
KM-CLM-000413,KM-POL-000982,Open,2024-05-03,2024-06-12,Head On,PA,1,ADJ-A03,N,N
KM-CLM-000414,KM-POL-001204,Closed,2022-07-17,2022-08-26,Strain,OH,1,ADJ-A05,Y,N
KM-CLM-000415,KM-POL-000857,Open,2024-04-30,2024-06-03,Burn,PA,1,ADJ-A01,N,N
KM-CLM-000416,KM-POL-001392,Open,2021-12-28,2022-01-16,Cut/Laceration,OH,1,ADJ-A02,Y,N
KM-CLM-000417,KM-POL-000076,Closed,2022-09-13,2022-10-05,Single Vehicle,OH,1,ADJ-A01,N,N
KM-CLM-000418,KM-POL-000649,Closed,2022-09-10,2022-10-10,Head On,NJ,3,ADJ-A04,N,N
KM-CLM-000419,KM-POL-000650,Closed,2022-10-11,2022-11-14,Rear End Collision,NJ,2,ADJ-A03,N,N
KM-CLM-000420,KM-POL-000496,Closed,2023-05-04,2023-05-18,Fall,NJ,1,ADJ-A04,N,N
KM-CLM-000421,KM-POL-001546,Open,2022-01-26,2022-01-31,Intersection,PA,1,ADJ-A03,N,N
KM-CLM-000422,KM-POL-001225,Closed,2021-11-17,2021-12-15,Cut/Laceration,PA,1,ADJ-A04,N,N
KM-CLM-000423,KM-POL-000830,Open,2023-01-31,2023-02-19,Parking,PA,1,ADJ-A05,N,N
KM-CLM-000424,KM-POL-001370,Reopened,2022-06-21,2022-07-14,Struck By,NY,1,ADJ-A03,N,N
KM-CLM-000425,KM-POL-000483,Closed,2023-07-24,2023-08-19,Intersection,MD,1,ADJ-A03,N,N
KM-CLM-000426,KM-POL-001243,Closed,2023-02-08,2023-02-24,Parking,DE,1,ADJ-A04,N,N
KM-CLM-000427,KM-POL-001084,Closed,2023-10-16,2023-10-25,Product Defect,DE,1,ADJ-A02,N,N
KM-CLM-000428,KM-POL-000991,Closed,2021-09-19,2021-10-08,Parking,PA,1,ADJ-A04,N,N
KM-CLM-000429,KM-POL-001683,Open,2023-04-17,2023-04-17,Intersection,NY,3,ADJ-A03,N,N
KM-CLM-000430,KM-POL-000619,Closed,2022-09-30,2022-09-30,Advertising Injury,OH,1,ADJ-A03,N,N
KM-CLM-000431,KM-POL-000550,Closed,2021-10-21,2021-11-23,Rear End Collision,PA,3,ADJ-A02,N,N
KM-CLM-000432,KM-POL-000646,Closed,2023-10-05,2023-10-13,Advertising Injury,NJ,1,ADJ-A01,N,N
KM-CLM-000433,KM-POL-001935,Closed,2024-01-23,2024-02-14,Sideswipe,NJ,1,ADJ-A02,N,N
KM-CLM-000434,KM-POL-001245,Closed,2023-06-05,2023-06-23,Parking,NY,1,ADJ-A01,Y,N
KM-CLM-000435,KM-POL-001839,Closed,2023-12-02,2024-01-01,Bodily Injury,MD,1,ADJ-A03,Y,N
KM-CLM-000436,KM-POL-001965,Open,2022-05-05,2022-06-08,Rear End Collision,PA,1,ADJ-A05,N,N
KM-CLM-000437,KM-POL-000502,Closed,2023-06-12,2023-06-12,Head On,NY,2,ADJ-A05,N,N
KM-CLM-000438,KM-POL-001157,Open,2023-08-13,2023-09-26,Burn,MD,3,ADJ-A04,N,N
KM-CLM-000439,KM-POL-000846,Closed,2022-11-08,2022-12-09,Strain,NJ,1,ADJ-A02,N,
KM-CLM-000440,KM-POL-000053,Closed,2022-10-31,2022-11-30,Product Defect,PA,1,ADJ-A02,N,N
KM-CLM-000441,KM-POL-000450,Closed,2023-07-18,2023-08-06,Motor Vehicle,NJ,1,ADJ-A05,Y,N
KM-CLM-000442,KM-POL-000062,Closed,2022-03-19,2022-03-19,Burn,DE,1,ADJ-A01,Y,N
KM-CLM-000443,KM-POL-001047,Open,2024-03-04,2024-03-31,Repetitive Motion,NJ,1,ADJ-A02,N,
KM-CLM-000444,KM-POL-000044,Closed,2022-11-15,2022-12-03,Advertising Injury,PA,1,ADJ-A01,N,N
KM-CLM-000445,KM-POL-000820,Closed,2023-05-13,2023-06-20,Fall,NJ,1,ADJ-A01,N,N
KM-CLM-000446,KM-POL-001582,Closed,2024-03-17,2024-03-31,Cut/Laceration,OH,1,ADJ-A01,Y,N
KM-CLM-000447,KM-POL-000659,Open,2022-11-11,2022-11-11,Parking,PA,1,ADJ-A01,Y,N
KM-CLM-000448,KM-POL-000728,Closed,2022-02-01,2022-03-08,Intersection,PA,1,ADJ-A04,N,N
KM-CLM-000449,KM-POL-000852,Closed,2024-04-10,2024-05-03,Parking,PA,1,ADJ-A04,N,N
KM-CLM-000450,KM-POL-000047,Open,2022-05-19,2022-05-31,Strain,PA,3,ADJ-A05,N,N
KM-CLM-000451,KM-POL-001883,Closed,2023-03-09,2023-04-04,Sideswipe,MD,1,ADJ-A04,N,N
KM-CLM-000452,KM-POL-000820,Open,2024-03-24,2024-04-28,Cut/Laceration,NJ,2,ADJ-A02,N,N
KM-CLM-000453,KM-POL-001048,Closed,2022-08-23,2022-09-19,Burn,NJ,2,ADJ-A04,N,N
KM-CLM-000454,KM-POL-001681,Open,2022-04-11,2022-05-06,Repetitive Motion,NY,3,ADJ-A02,Y,N
KM-CLM-000455,KM-POL-000089,Closed,2023-07-17,2023-08-01,Product Defect,OH,2,ADJ-A02,N,
KM-CLM-000456,KM-POL-001198,Closed,2021-10-02,2021-10-12,Bodily Injury,OH,1,ADJ-A01,Y,N
KM-CLM-000457,KM-POL-001600,Closed,2021-12-30,2022-02-13,Slip and Fall,NY,2,ADJ-A05,N,N
KM-CLM-000458,KM-POL-001143,Closed,2022-02-28,2022-04-10,Intersection,DE,1,ADJ-A01,N,N
KM-CLM-000459,KM-POL-000735,Closed,2022-12-12,2023-01-05,Struck By,MD,1,ADJ-A01,N,N
KM-CLM-000460,KM-POL-001692,Open,2022-03-15,2022-04-08,Head On,DE,3,ADJ-A04,Y,N
KM-CLM-000461,KM-POL-000178,Closed,2022-09-28,2022-10-12,Repetitive Motion,NY,2,ADJ-A04,N,N
KM-CLM-000462,KM-POL-001019,Reopened,2022-02-24,2022-03-12,Product Defect,PA,3,ADJ-A02,N,N
KM-CLM-000463,KM-POL-001856,Closed,2024-09-24,2024-09-29,Repetitive Motion,PA,2,ADJ-A04,N,N
KM-CLM-000464,KM-POL-001948,Open,2023-11-17,2023-12-14,Repetitive Motion,NY,2,ADJ-A04,N,N
KM-CLM-000465,KM-POL-001366,Open,2021-08-13,2021-09-22,Strain,NY,1,ADJ-A03,Y,N
KM-CLM-000466,KM-POL-001592,Reopened,2023-11-09,2023-11-24,Slip and Fall,PA,2,ADJ-A02,N,N
KM-CLM-000467,KM-POL-001083,Closed,2022-07-31,2022-09-02,Strain,PA,1,ADJ-A02,N,N
KM-CLM-000468,KM-POL-000901,Closed,2023-07-13,2023-08-21,Repetitive Motion,PA,2,ADJ-A03,N,N
KM-CLM-000469,KM-POL-000438,Closed,2023-12-09,2024-01-22,Bodily Injury,NJ,2,ADJ-A02,Y,N
KM-CLM-000470,KM-POL-001452,Closed,2021-11-26,2022-01-08,Head On,NY,2,ADJ-A05,N,N
KM-CLM-000471,KM-POL-000426,Closed,2023-04-10,2023-04-27,Intersection,MD,1,ADJ-A05,N,N
KM-CLM-000472,KM-POL-000968,Reopened,2023-05-13,2023-05-31,Strain,DE,1,ADJ-A03,N,N
KM-CLM-000473,KM-POL-001405,Closed,2023-12-14,2024-01-24,Single Vehicle,NY,1,ADJ-A04,N,N
KM-CLM-000474,KM-POL-000486,Open,2022-09-16,2022-10-20,Bodily Injury,MD,2,ADJ-A05,N,N
KM-CLM-000475,KM-POL-001756,Open,2024-07-17,2024-08-03,Advertising Injury,PA,1,ADJ-A03,N,N
KM-CLM-000476,KM-POL-001209,Open,2023-10-02,2023-10-28,Burn,NJ,1,ADJ-A05,N,N
KM-CLM-000477,KM-POL-001583,Closed,2023-07-07,2023-07-19,Sideswipe,NJ,1,ADJ-A01,N,N
KM-CLM-000478,KM-POL-000460,Open,2024-06-04,2024-06-08,Cut/Laceration,NJ,2,ADJ-A03,N,N
KM-CLM-000479,KM-POL-001913,Open,2021-07-05,2021-07-16,Advertising Injury,PA,2,ADJ-A02,N,N
KM-CLM-000480,KM-POL-000921,Reopened,2022-10-10,2022-10-18,Bodily Injury,NJ,2,ADJ-A05,Y,N
KM-CLM-000481,KM-POL-001126,Open,2024-04-29,2024-05-17,Rear End Collision,NY,1,ADJ-A02,N,
KM-CLM-000482,KM-POL-001580,Open,2021-09-30,2021-10-07,Sideswipe,NJ,1,ADJ-A03,N,
KM-CLM-000483,KM-POL-001039,Open,2023-12-06,2024-01-15,Struck By,PA,1,ADJ-A05,N,N
KM-CLM-000484,KM-POL-000748,Open,2024-01-24,2024-02-22,Single Vehicle,PA,1,ADJ-A02,Y,N
KM-CLM-000485,KM-POL-001897,Closed,2023-03-07,2023-04-15,Head On,PA,2,ADJ-A04,N,N
KM-CLM-000486,KM-POL-000051,Reopened,2021-07-28,2021-08-25,Product Defect,NJ,1,ADJ-A04,N,N
KM-CLM-000487,KM-POL-000309,Closed,2022-12-28,2023-01-14,Sideswipe,PA,1,ADJ-A01,N,Y
KM-CLM-000488,KM-POL-001058,Closed,2022-01-19,2022-03-04,Motor Vehicle,PA,1,ADJ-A03,N,N
KM-CLM-000489,KM-POL-001660,Closed,2024-04-04,2024-05-13,Fall,MD,1,ADJ-A02,N,
KM-CLM-000490,KM-POL-001005,Closed,2024-01-30,2024-03-01,Product Defect,DE,2,ADJ-A01,N,N
KM-CLM-000491,KM-POL-001613,Open,2023-04-20,2023-05-02,Head On,NJ,1,ADJ-A03,N,N
KM-CLM-000492,KM-POL-001928,Open,2023-03-19,2023-04-08,Rear End Collision,NY,2,ADJ-A04,N,N
KM-CLM-000493,KM-POL-000635,Reopened,2021-11-28,2021-11-29,Cut/Laceration,NY,1,ADJ-A02,N,Y
KM-CLM-000494,KM-POL-000205,Open,2023-11-15,2023-11-24,Intersection,NY,1,ADJ-A05,Y,N
KM-CLM-000495,KM-POL-000740,Open,2022-01-09,2022-01-12,Struck By,PA,1,ADJ-A04,N,Y
KM-CLM-000496,KM-POL-001094,Closed,2024-10-10,2024-11-13,Head On,OH,1,ADJ-A05,Y,N
KM-CLM-000497,KM-POL-001254,Closed,2023-10-22,2023-10-23,Motor Vehicle,PA,2,ADJ-A05,N,N
KM-CLM-000498,KM-POL-001504,Open,2024-07-08,2024-07-19,Cut/Laceration,PA,1,ADJ-A02,N,N
KM-CLM-000499,KM-POL-000533,Open,2023-10-10,2023-10-16,Property Damage,PA,1,ADJ-A02,N,N
KM-CLM-000500,KM-POL-000108,Closed,2021-09-09,2021-09-27,Head On,MD,1,ADJ-A05,N,N
KM-CLM-000501,KM-POL-000876,Closed,2023-12-21,2024-01-07,Fall,NJ,1,ADJ-A01,Y,N
KM-CLM-000502,KM-POL-001265,Open,2022-01-08,2022-01-16,Strain,NY,2,ADJ-A05,N,N
KM-CLM-000503,KM-POL-000251,Closed,2022-01-24,2022-03-10,Fall,PA,1,ADJ-A05,N,N
KM-CLM-000504,KM-POL-000135,Closed,2023-10-23,2023-11-20,Product Defect,NY,1,ADJ-A02,N,N
KM-CLM-000505,KM-POL-001114,Closed,2022-09-11,2022-09-11,Rear End Collision,PA,2,ADJ-A03,N,N
KM-CLM-000506,KM-POL-001615,Closed,2021-05-23,2021-06-06,Burn,NJ,1,ADJ-A04,N,N
KM-CLM-000507,KM-POL-001464,Open,2022-09-07,2022-09-12,Intersection,DE,1,ADJ-A02,Y,N
KM-CLM-000508,KM-POL-000689,Closed,2023-04-08,2023-04-17,Rear End Collision,NJ,1,ADJ-A01,N,
KM-CLM-000509,KM-POL-001322,Closed,2023-09-16,2023-09-16,Cut/Laceration,PA,1,ADJ-A04,N,N
KM-CLM-000510,KM-POL-000407,Open,2023-10-02,2023-11-02,Cut/Laceration,NJ,1,ADJ-A02,N,N
KM-CLM-000511,KM-POL-001332,Closed,2021-10-10,2021-10-23,Parking,NY,1,ADJ-A02,N,N
KM-CLM-000512,KM-POL-000102,Open,2022-02-10,2022-03-03,Single Vehicle,DE,3,ADJ-A03,N,N
KM-CLM-000513,KM-POL-001385,Open,2022-01-17,2022-02-12,Rear End Collision,PA,1,ADJ-A01,Y,N
KM-CLM-000514,KM-POL-001871,Closed,2023-05-10,2023-05-29,Advertising Injury,NJ,3,ADJ-A01,Y,Y
KM-CLM-000515,KM-POL-001648,Open,2023-03-16,2023-04-16,Bodily Injury,NJ,1,ADJ-A02,N,N
KM-CLM-000516,KM-POL-000693,Closed,2023-05-10,2023-06-02,Sideswipe,PA,1,ADJ-A03,Y,
KM-CLM-000517,KM-POL-001640,Closed,2021-12-27,2022-01-25,Product Defect,PA,1,ADJ-A02,N,N
KM-CLM-000518,KM-POL-001552,Closed,2023-04-09,2023-05-23,Single Vehicle,PA,1,ADJ-A05,N,N
KM-CLM-000519,KM-POL-001632,Closed,2022-09-05,2022-09-07,Repetitive Motion,PA,2,ADJ-A05,N,N
KM-CLM-000520,KM-POL-001317,Closed,2023-06-30,2023-07-21,Parking,NJ,1,ADJ-A03,N,N
KM-CLM-000521,KM-POL-001170,Open,2022-04-24,2022-04-29,Cut/Laceration,NJ,1,ADJ-A02,N,N
KM-CLM-000522,KM-POL-000404,Closed,2023-06-22,2023-07-01,Bodily Injury,NJ,1,ADJ-A03,N,N
KM-CLM-000523,KM-POL-000814,Reopened,2022-06-29,2022-07-02,Bodily Injury,PA,1,ADJ-A02,N,N
KM-CLM-000524,KM-POL-001026,Open,2023-09-30,2023-10-17,Rear End Collision,NJ,3,ADJ-A02,N,N
KM-CLM-000525,KM-POL-001143,Open,2022-04-22,2022-05-17,Single Vehicle,DE,2,ADJ-A05,N,N
KM-CLM-000526,KM-POL-000855,Open,2023-02-28,2023-03-04,Burn,PA,1,ADJ-A04,Y,N
KM-CLM-000527,KM-POL-001630,Closed,2021-06-19,2021-07-23,Rear End Collision,NY,2,ADJ-A01,N,N
KM-CLM-000528,KM-POL-001215,Closed,2024-03-08,2024-04-07,Sideswipe,PA,2,ADJ-A01,N,N
KM-CLM-000529,KM-POL-001027,Closed,2023-11-29,2023-12-10,Advertising Injury,MD,1,ADJ-A03,N,N
KM-CLM-000530,KM-POL-000942,Closed,2024-04-28,2024-05-10,Intersection,NY,1,ADJ-A01,N,N
KM-CLM-000531,KM-POL-001021,Closed,2024-07-08,2024-07-24,Single Vehicle,PA,1,ADJ-A05,N,N
KM-CLM-000532,KM-POL-001511,Closed,2023-01-31,2023-02-24,Advertising Injury,NJ,1,ADJ-A04,N,N
KM-CLM-000533,KM-POL-001647,Closed,2022-09-11,2022-09-11,Motor Vehicle,NJ,1,ADJ-A02,N,N
KM-CLM-000534,KM-POL-000177,Closed,2022-07-18,2022-07-25,Sideswipe,PA,1,ADJ-A02,Y,N
KM-CLM-000535,KM-POL-001281,Closed,2024-05-16,2024-06-30,Rear End Collision,NJ,1,ADJ-A05,Y,N
KM-CLM-000536,KM-POL-000873,Closed,2024-05-13,2024-05-28,Sideswipe,OH,1,ADJ-A01,N,N
KM-CLM-000537,KM-POL-001558,Closed,2024-02-07,2024-03-02,Fall,NJ,2,ADJ-A02,N,N
KM-CLM-000538,KM-POL-000477,Closed,2024-04-16,2024-05-14,Strain,PA,1,ADJ-A01,N,N
KM-CLM-000539,KM-POL-000398,Closed,2023-02-03,2023-02-18,Repetitive Motion,PA,1,ADJ-A05,N,N
KM-CLM-000540,KM-POL-001520,Closed,2021-06-08,2021-06-10,Property Damage,PA,2,ADJ-A02,N,N
KM-CLM-000541,KM-POL-000220,Closed,2024-05-07,2024-05-19,Slip and Fall,PA,1,ADJ-A03,Y,N
KM-CLM-000542,KM-POL-000173,Closed,2021-11-17,2021-12-16,Sideswipe,PA,1,ADJ-A04,N,N
KM-CLM-000543,KM-POL-000736,Closed,2022-10-29,2022-11-04,Slip and Fall,NY,3,ADJ-A01,Y,
KM-CLM-000544,KM-POL-001414,Closed,2023-03-11,2023-04-13,Repetitive Motion,NJ,2,ADJ-A01,N,N
KM-CLM-000545,KM-POL-000502,Open,2023-09-10,2023-10-22,Single Vehicle,NY,1,ADJ-A01,N,N
KM-CLM-000546,KM-POL-001601,Open,2022-05-16,2022-05-29,Motor Vehicle,PA,1,ADJ-A01,N,N
KM-CLM-000547,KM-POL-001813,Closed,2022-07-17,2022-08-16,Burn,PA,3,ADJ-A05,N,N
KM-CLM-000548,KM-POL-000761,Closed,2022-06-02,2022-06-26,Struck By,PA,1,ADJ-A05,N,N
KM-CLM-000549,KM-POL-001284,Reopened,2023-11-25,2024-01-07,Struck By,OH,1,ADJ-A05,Y,N
KM-CLM-000550,KM-POL-000131,Closed,2023-02-25,2023-03-16,Strain,PA,1,ADJ-A05,N,
KM-CLM-000551,KM-POL-001137,Closed,2023-04-17,2023-05-07,Slip and Fall,NY,1,ADJ-A02,N,N
KM-CLM-000552,KM-POL-000798,Open,2021-12-19,2021-12-29,Rear End Collision,NY,1,ADJ-A05,N,N
KM-CLM-000553,KM-POL-000799,Open,2023-10-28,2023-12-07,Parking,MD,2,ADJ-A02,N,N
KM-CLM-000554,KM-POL-000930,Closed,2024-04-19,2024-04-21,Fall,NJ,3,ADJ-A03,N,N
KM-CLM-000555,KM-POL-000723,Open,2021-03-18,2021-04-22,Fall,NY,2,ADJ-A05,N,N
KM-CLM-000556,KM-POL-001044,Closed,2023-09-08,2023-10-11,Head On,NJ,1,ADJ-A03,N,N
KM-CLM-000557,KM-POL-000215,Closed,2021-09-30,2021-10-07,Intersection,NY,1,ADJ-A05,N,N
KM-CLM-000558,KM-POL-001334,Closed,2021-09-21,2021-10-07,Advertising Injury,PA,3,ADJ-A03,N,N
KM-CLM-000559,KM-POL-001275,Closed,2023-08-30,2023-09-29,Head On,OH,1,ADJ-A04,N,N
KM-CLM-000560,KM-POL-000488,Closed,2023-12-10,2024-01-19,Repetitive Motion,OH,1,ADJ-A03,Y,N
KM-CLM-000561,KM-POL-001406,Open,2023-07-10,2023-07-29,Head On,OH,2,ADJ-A02,N,N
KM-CLM-000562,KM-POL-001433,Closed,2021-09-03,2021-09-15,Single Vehicle,NY,1,ADJ-A01,N,N
KM-CLM-000563,KM-POL-001295,Closed,2024-06-12,2024-07-05,Advertising Injury,MD,1,ADJ-A03,N,N
KM-CLM-000564,KM-POL-001958,Open,2022-05-31,2022-06-03,Motor Vehicle,NJ,2,ADJ-A01,N,N
KM-CLM-000565,KM-POL-001431,Open,2021-10-03,2021-11-14,Single Vehicle,DE,3,ADJ-A04,N,N
KM-CLM-000566,KM-POL-001716,Open,2023-11-07,2023-11-20,Product Defect,NJ,1,ADJ-A04,Y,N
KM-CLM-000567,KM-POL-001218,Open,2024-05-30,2024-06-06,Parking,PA,2,ADJ-A02,N,N
KM-CLM-000568,KM-POL-001465,Reopened,2023-12-15,2023-12-30,Advertising Injury,PA,1,ADJ-A02,N,N
KM-CLM-000569,KM-POL-000313,Closed,2021-10-27,2021-12-06,Struck By,NJ,1,ADJ-A03,Y,N
KM-CLM-000570,KM-POL-000079,Closed,2023-02-19,2023-03-18,Strain,MD,2,ADJ-A05,N,N
KM-CLM-000571,KM-POL-000180,Closed,2022-09-20,2022-10-10,Strain,DE,3,ADJ-A04,Y,N
KM-CLM-000572,KM-POL-001004,Closed,2023-06-19,2023-06-19,Intersection,NY,1,ADJ-A01,N,N
KM-CLM-000573,KM-POL-000675,Closed,2021-04-25,2021-05-05,Struck By,OH,1,ADJ-A05,N,N
KM-CLM-000574,KM-POL-001738,Reopened,2022-08-16,2022-09-02,Struck By,NY,1,ADJ-A04,N,N
KM-CLM-000575,KM-POL-000014,Closed,2022-08-05,2022-09-11,Cut/Laceration,PA,1,ADJ-A03,N,N
KM-CLM-000576,KM-POL-000859,Closed,2022-10-14,2022-10-21,Rear End Collision,PA,1,ADJ-A04,N,N
KM-CLM-000577,KM-POL-000246,Closed,2021-10-28,2021-11-22,Bodily Injury,DE,1,ADJ-A02,N,N
KM-CLM-000578,KM-POL-001038,Closed,2022-10-05,2022-10-20,Single Vehicle,MD,1,ADJ-A01,N,N
KM-CLM-000579,KM-POL-000099,Open,2022-07-08,2022-07-08,Strain,NY,1,ADJ-A01,Y,N
KM-CLM-000580,KM-POL-000033,Closed,2022-03-07,2022-03-09,Struck By,NJ,1,ADJ-A02,N,N
KM-CLM-000581,KM-POL-001460,Reopened,2021-11-01,2021-12-08,Parking,NY,2,ADJ-A05,N,N
KM-CLM-000582,KM-POL-000257,Open,2021-07-07,2021-08-20,Product Defect,DE,1,ADJ-A02,N,N
KM-CLM-000583,KM-POL-000034,Closed,2023-12-04,2024-01-03,Slip and Fall,MD,1,ADJ-A01,N,N
KM-CLM-000584,KM-POL-000019,Closed,2022-09-09,2022-10-23,Repetitive Motion,PA,2,ADJ-A03,N,N
KM-CLM-000585,KM-POL-001688,Open,2021-08-02,2021-09-09,Intersection,NJ,1,ADJ-A05,N,N
KM-CLM-000586,KM-POL-001284,Closed,2023-12-16,2023-12-25,Struck By,OH,1,ADJ-A04,N,N
KM-CLM-000587,KM-POL-001700,Open,2023-08-16,2023-09-08,Single Vehicle,PA,1,ADJ-A03,Y,N
KM-CLM-000588,KM-POL-000589,Closed,2024-08-20,2024-08-25,Cut/Laceration,PA,1,ADJ-A05,N,N
KM-CLM-000589,KM-POL-001850,Open,2023-02-22,2023-03-09,Single Vehicle,PA,1,ADJ-A01,N,N
KM-CLM-000590,KM-POL-001440,Reopened,2021-11-18,2021-11-28,Sideswipe,MD,2,ADJ-A01,N,N
KM-CLM-000591,KM-POL-000137,Open,2023-02-26,2023-03-29,Head On,PA,1,ADJ-A03,N,N
KM-CLM-000592,KM-POL-000359,Open,2023-01-05,2023-01-10,Product Defect,DE,1,ADJ-A05,N,N
KM-CLM-000593,KM-POL-001744,Open,2022-01-30,2022-03-14,Burn,PA,1,ADJ-A04,N,N
KM-CLM-000594,KM-POL-000754,Reopened,2024-01-19,2024-02-27,Strain,NJ,1,ADJ-A04,N,N
KM-CLM-000595,KM-POL-001603,Closed,2023-08-10,2023-08-31,Strain,PA,2,ADJ-A02,Y,N
KM-CLM-000596,KM-POL-001140,Closed,2024-07-29,2024-09-07,Single Vehicle,PA,1,ADJ-A03,N,N
KM-CLM-000597,KM-POL-000404,Closed,2023-03-10,2023-03-13,Advertising Injury,NJ,1,ADJ-A05,N,N
KM-CLM-000598,KM-POL-001226,Closed,2022-08-29,2022-09-01,Rear End Collision,OH,1,ADJ-A03,N,N
KM-CLM-000599,KM-POL-001400,Open,2024-04-11,2024-05-03,Parking,DE,1,ADJ-A04,N,N
KM-CLM-000600,KM-POL-000250,Closed,2022-04-20,2022-05-31,Advertising Injury,PA,2,ADJ-A05,N,N
KM-CLM-000601,KM-POL-000446,Open,2022-06-23,2022-07-02,Property Damage,NJ,1,ADJ-A01,N,N
KM-CLM-000602,KM-POL-000954,Reopened,2023-12-11,2024-01-24,Bodily Injury,NJ,2,ADJ-A01,N,N
KM-CLM-000603,KM-POL-000278,Closed,2022-11-03,2022-12-07,Single Vehicle,DE,1,ADJ-A05,N,N
KM-CLM-000604,KM-POL-000112,Closed,2022-02-25,2022-03-03,Motor Vehicle,PA,2,ADJ-A03,N,N
KM-CLM-000605,KM-POL-001987,Open,2021-05-18,2021-05-26,Intersection,PA,2,ADJ-A03,N,N
KM-CLM-000606,KM-POL-001867,Closed,2022-09-11,2022-10-12,Struck By,NJ,1,ADJ-A01,N,N
KM-CLM-000607,KM-POL-001497,Open,2022-08-14,2022-08-28,Single Vehicle,OH,1,ADJ-A01,Y,N
KM-CLM-000608,KM-POL-000746,Open,2023-03-21,2023-04-10,Advertising Injury,NY,1,ADJ-A04,N,N
KM-CLM-000609,KM-POL-000688,Open,2021-10-09,2021-11-13,Burn,NJ,1,ADJ-A05,N,N
KM-CLM-000610,KM-POL-000392,Closed,2023-09-22,2023-11-02,Struck By,PA,1,ADJ-A03,N,N
KM-CLM-000611,KM-POL-000969,Closed,2024-02-23,2024-03-16,Sideswipe,MD,1,ADJ-A04,N,N
KM-CLM-000612,KM-POL-000143,Closed,2022-03-27,2022-04-24,Single Vehicle,NY,3,ADJ-A03,N,N
KM-CLM-000613,KM-POL-001056,Open,2022-11-18,2022-11-30,Burn,MD,1,ADJ-A01,N,N
KM-CLM-000614,KM-POL-000181,Closed,2022-06-11,2022-06-12,Cut/Laceration,NJ,2,ADJ-A05,N,N
KM-CLM-000615,KM-POL-000579,Closed,2021-06-05,2021-07-19,Single Vehicle,NJ,2,ADJ-A02,N,N
KM-CLM-000616,KM-POL-001540,Open,2024-04-09,2024-05-03,Head On,PA,2,ADJ-A05,N,N
KM-CLM-000617,KM-POL-000798,Open,2021-03-28,2021-04-19,Head On,NY,1,ADJ-A02,N,N
KM-CLM-000618,KM-POL-000269,Reopened,2023-11-20,2023-11-28,Cut/Laceration,PA,1,ADJ-A04,N,N
KM-CLM-000619,KM-POL-001260,Reopened,2022-01-26,2022-02-11,Parking,OH,1,ADJ-A02,N,N
KM-CLM-000620,KM-POL-001301,Reopened,2024-03-09,2024-03-11,Motor Vehicle,NJ,1,ADJ-A02,N,N
KM-CLM-000621,KM-POL-000553,Closed,2023-01-08,2023-02-08,Sideswipe,OH,1,ADJ-A04,N,N
KM-CLM-000622,KM-POL-000633,Open,2023-11-27,2024-01-11,Single Vehicle,PA,2,ADJ-A05,N,N
KM-CLM-000623,KM-POL-000275,Open,2021-09-16,2021-10-14,Sideswipe,MD,1,ADJ-A04,N,N
KM-CLM-000624,KM-POL-000743,Closed,2021-08-11,2021-09-15,Head On,PA,1,ADJ-A01,N,N
KM-CLM-000625,KM-POL-001840,Closed,2022-03-21,2022-04-08,Struck By,NY,3,ADJ-A01,N,
KM-CLM-000626,KM-POL-000086,Reopened,2022-01-01,2022-02-04,Fall,NJ,1,ADJ-A02,N,N
KM-CLM-000627,KM-POL-001087,Closed,2021-11-12,2021-12-26,Rear End Collision,NJ,1,ADJ-A04,N,N
KM-CLM-000628,KM-POL-000404,Closed,2023-07-03,2023-08-03,Slip and Fall,NJ,2,ADJ-A04,N,
KM-CLM-000629,KM-POL-000192,Open,2023-06-21,2023-07-03,Slip and Fall,MD,1,ADJ-A04,N,N
KM-CLM-000630,KM-POL-001317,Reopened,2023-07-15,2023-08-20,Parking,NJ,1,ADJ-A05,N,N
KM-CLM-000631,KM-POL-001055,Closed,2021-08-09,2021-08-20,Slip and Fall,NY,1,ADJ-A03,Y,N
KM-CLM-000632,KM-POL-001354,Open,2022-02-10,2022-03-16,Head On,DE,2,ADJ-A03,N,N
KM-CLM-000633,KM-POL-001682,Closed,2022-05-16,2022-06-07,Product Defect,PA,1,ADJ-A03,N,N
KM-CLM-000634,KM-POL-000107,Open,2022-07-27,2022-08-16,Motor Vehicle,OH,1,ADJ-A05,N,N
KM-CLM-000635,KM-POL-001895,Open,2023-04-16,2023-05-15,Single Vehicle,NY,1,ADJ-A04,N,N
KM-CLM-000636,KM-POL-000622,Closed,2023-06-30,2023-07-17,Cut/Laceration,OH,1,ADJ-A03,Y,N
KM-CLM-000637,KM-POL-000276,Closed,2022-11-13,2022-12-21,Parking,NY,1,ADJ-A04,Y,N
KM-CLM-000638,KM-POL-001746,Open,2023-10-29,2023-12-03,Rear End Collision,PA,1,ADJ-A02,N,N
KM-CLM-000639,KM-POL-000651,Closed,2022-09-14,2022-09-24,Struck By,PA,1,ADJ-A03,Y,N
KM-CLM-000640,KM-POL-001622,Reopened,2023-04-16,2023-04-20,Struck By,PA,1,ADJ-A02,N,N
KM-CLM-000641,KM-POL-000556,Closed,2022-07-25,2022-08-27,Burn,MD,1,ADJ-A05,N,
KM-CLM-000642,KM-POL-001106,Closed,2024-08-28,2024-09-06,Motor Vehicle,NJ,1,ADJ-A01,N,N
KM-CLM-000643,KM-POL-001088,Open,2024-03-31,2024-04-28,Repetitive Motion,PA,1,ADJ-A05,Y,
KM-CLM-000644,KM-POL-001914,Open,2021-08-05,2021-08-23,Fall,MD,1,ADJ-A05,N,N
KM-CLM-000645,KM-POL-001954,Open,2022-11-14,2022-11-30,Rear End Collision,PA,1,ADJ-A05,N,N
KM-CLM-000646,KM-POL-001879,Open,2022-09-24,2022-10-28,Repetitive Motion,DE,2,ADJ-A03,Y,N
KM-CLM-000647,KM-POL-001857,Open,2023-10-28,2023-11-20,Sideswipe,NJ,2,ADJ-A02,N,N
KM-CLM-000648,KM-POL-000567,Open,2023-07-20,2023-08-18,Repetitive Motion,PA,1,ADJ-A03,N,N
KM-CLM-000649,KM-POL-000586,Closed,2023-09-29,2023-09-29,Struck By,NY,1,ADJ-A01,N,N
KM-CLM-000650,KM-POL-000885,Closed,2023-11-10,2023-12-20,Intersection,PA,1,ADJ-A05,N,N
KM-CLM-000651,KM-POL-000129,Closed,2024-02-29,2024-04-01,Motor Vehicle,OH,1,ADJ-A04,N,Y
KM-CLM-000652,KM-POL-000256,Open,2022-02-08,2022-03-04,Rear End Collision,DE,1,ADJ-A01,N,N
KM-CLM-000653,KM-POL-000934,Closed,2023-05-02,2023-05-13,Intersection,DE,1,ADJ-A02,N,N
KM-CLM-000654,KM-POL-000231,Open,2023-06-06,2023-06-07,Intersection,NY,1,ADJ-A01,N,N
KM-CLM-000655,KM-POL-001521,Closed,2023-10-12,2023-11-20,Burn,PA,1,ADJ-A03,N,N
KM-CLM-000656,KM-POL-001161,Open,2022-05-26,2022-06-18,Advertising Injury,NJ,1,ADJ-A04,N,N
KM-CLM-000657,KM-POL-000863,Reopened,2023-05-20,2023-06-28,Intersection,MD,2,ADJ-A03,N,N
KM-CLM-000658,KM-POL-001479,Closed,2021-12-01,2021-12-16,Rear End Collision,NJ,1,ADJ-A05,Y,N
KM-CLM-000659,KM-POL-001937,Closed,2021-07-26,2021-08-15,Strain,NJ,1,ADJ-A05,N,N
KM-CLM-000660,KM-POL-000355,Open,2023-11-01,2023-11-05,Repetitive Motion,NY,3,ADJ-A01,N,N
KM-CLM-000661,KM-POL-001648,Closed,2023-01-19,2023-03-02,Property Damage,NJ,2,ADJ-A05,N,N
KM-CLM-000662,KM-POL-001509,Closed,2023-09-27,2023-10-31,Intersection,OH,2,ADJ-A05,N,N
KM-CLM-000663,KM-POL-001844,Open,2023-03-14,2023-04-07,Parking,NJ,1,ADJ-A02,N,N
KM-CLM-000664,KM-POL-000146,Closed,2022-07-05,2022-07-17,Repetitive Motion,OH,1,ADJ-A02,N,N
KM-CLM-000665,KM-POL-001983,Closed,2024-05-25,2024-06-27,Single Vehicle,PA,2,ADJ-A03,N,N
KM-CLM-000666,KM-POL-001057,Closed,2022-05-23,2022-07-05,Single Vehicle,NY,1,ADJ-A03,N,N
KM-CLM-000667,KM-POL-000260,Closed,2023-09-13,2023-10-14,Strain,NJ,2,ADJ-A02,N,Y
KM-CLM-000668,KM-POL-000087,Closed,2022-10-13,2022-11-17,Sideswipe,PA,1,ADJ-A01,N,N
KM-CLM-000669,KM-POL-000843,Reopened,2023-06-12,2023-06-21,Fall,MD,1,ADJ-A02,N,N
KM-CLM-000670,KM-POL-001972,Closed,2023-07-20,2023-08-28,Property Damage,DE,3,ADJ-A03,N,N
KM-CLM-000671,KM-POL-000265,Closed,2023-02-12,2023-03-02,Property Damage,NY,1,ADJ-A04,N,N
KM-CLM-000672,KM-POL-001856,Closed,2024-08-30,2024-09-19,Repetitive Motion,PA,1,ADJ-A05,N,N
KM-CLM-000673,KM-POL-001566,Closed,2022-09-03,2022-09-29,Cut/Laceration,NY,1,ADJ-A04,N,N
KM-CLM-000674,KM-POL-000392,Reopened,2023-09-19,2023-10-30,Cut/Laceration,PA,1,ADJ-A04,N,N
KM-CLM-000675,KM-POL-000232,Open,2023-12-20,2024-01-09,Rear End Collision,PA,1,ADJ-A05,N,N
KM-CLM-000676,KM-POL-000901,Closed,2023-09-28,2023-10-05,Repetitive Motion,PA,1,ADJ-A02,Y,N
KM-CLM-000677,KM-POL-000588,Open,2023-12-07,2023-12-13,Fall,NY,1,ADJ-A01,N,N
KM-CLM-000678,KM-POL-000447,Open,2022-09-02,2022-10-05,Bodily Injury,PA,2,ADJ-A04,Y,N
KM-CLM-000679,KM-POL-001153,Open,2023-03-09,2023-04-20,Sideswipe,NY,1,ADJ-A01,N,N
KM-CLM-000680,KM-POL-001295,Closed,2024-08-02,2024-08-06,Bodily Injury,MD,3,ADJ-A03,N,N
KM-CLM-000681,KM-POL-001113,Open,2021-12-18,2021-12-20,Motor Vehicle,NY,1,ADJ-A04,N,N
KM-CLM-000682,KM-POL-000466,Closed,2024-05-17,2024-05-25,Burn,PA,1,ADJ-A03,N,N
KM-CLM-000683,KM-POL-000934,Closed,2023-07-16,2023-07-27,Intersection,DE,1,ADJ-A02,N,N
KM-CLM-000684,KM-POL-001194,Open,2022-08-07,2022-08-09,Parking,NJ,1,ADJ-A04,N,N
KM-CLM-000685,KM-POL-000128,Open,2022-04-11,2022-04-23,Bodily Injury,PA,3,ADJ-A03,N,N
KM-CLM-000686,KM-POL-001198,Closed,2021-09-16,2021-09-22,Slip and Fall,OH,2,ADJ-A03,N,N
KM-CLM-000687,KM-POL-001973,Closed,2022-07-01,2022-08-01,Motor Vehicle,PA,1,ADJ-A02,N,Y
KM-CLM-000688,KM-POL-001050,Closed,2022-03-02,2022-03-14,Burn,PA,1,ADJ-A01,N,N
KM-CLM-000689,KM-POL-000573,Closed,2022-10-01,2022-10-07,Struck By,NJ,2,ADJ-A01,N,
KM-CLM-000690,KM-POL-000511,Reopened,2023-01-25,2023-01-27,Single Vehicle,PA,2,ADJ-A04,N,N
KM-CLM-000691,KM-POL-000488,Closed,2023-12-23,2024-01-28,Repetitive Motion,OH,3,ADJ-A02,N,
KM-CLM-000692,KM-POL-000891,Reopened,2024-02-02,2024-03-14,Head On,NJ,1,ADJ-A04,N,N
KM-CLM-000693,KM-POL-000579,Closed,2021-07-21,2021-08-14,Intersection,NJ,3,ADJ-A01,N,N
KM-CLM-000694,KM-POL-000950,Closed,2023-07-18,2023-08-29,Single Vehicle,MD,1,ADJ-A02,N,N
KM-CLM-000695,KM-POL-000406,Open,2022-08-13,2022-09-13,Advertising Injury,NY,1,ADJ-A05,Y,N
KM-CLM-000696,KM-POL-001050,Reopened,2021-11-14,2021-12-17,Strain,PA,1,ADJ-A02,N,N
KM-CLM-000697,KM-POL-001107,Closed,2023-08-22,2023-09-30,Fall,NY,1,ADJ-A02,Y,N
KM-CLM-000698,KM-POL-000364,Closed,2022-08-02,2022-09-15,Single Vehicle,NJ,2,ADJ-A05,Y,N
KM-CLM-000699,KM-POL-001391,Open,2024-03-27,2024-05-03,Repetitive Motion,NJ,2,ADJ-A03,N,N
KM-CLM-000700,KM-POL-001084,Closed,2024-02-04,2024-02-20,Property Damage,DE,2,ADJ-A03,Y,N
KM-CLM-000701,KM-POL-000551,Open,2021-11-18,2021-11-21,Intersection,NJ,1,ADJ-A03,N,N
KM-CLM-000702,KM-POL-001659,Open,2024-08-23,2024-09-15,Strain,NY,1,ADJ-A01,Y,N
KM-CLM-000703,KM-POL-000292,Open,2022-05-05,2022-05-19,Fall,PA,1,ADJ-A02,N,N
KM-CLM-000704,KM-POL-000789,Closed,2021-06-01,2021-07-09,Intersection,MD,1,ADJ-A05,Y,N
KM-CLM-000705,KM-POL-001961,Open,2022-11-23,2023-01-07,Motor Vehicle,DE,2,ADJ-A01,Y,N
KM-CLM-000706,KM-POL-001910,Closed,2024-02-11,2024-02-15,Strain,NJ,1,ADJ-A05,N,N
KM-CLM-000707,KM-POL-000816,Open,2022-08-04,2022-08-04,Intersection,NY,1,ADJ-A01,N,N
KM-CLM-000708,KM-POL-001818,Closed,2022-07-30,2022-08-12,Parking,OH,1,ADJ-A01,N,Y
KM-CLM-000709,KM-POL-000191,Open,2024-03-27,2024-05-07,Repetitive Motion,PA,2,ADJ-A01,N,N
KM-CLM-000710,KM-POL-000461,Open,2024-10-26,2024-11-26,Burn,MD,1,ADJ-A05,N,N
KM-CLM-000711,KM-POL-001828,Closed,2021-02-23,2021-02-28,Product Defect,NJ,1,ADJ-A04,N,N
KM-CLM-000712,KM-POL-000664,Closed,2022-04-23,2022-05-22,Burn,NY,2,ADJ-A01,N,N
KM-CLM-000713,KM-POL-001920,Open,2021-09-25,2021-11-04,Burn,OH,1,ADJ-A03,Y,N
KM-CLM-000714,KM-POL-000233,Open,2022-01-13,2022-01-16,Parking,MD,2,ADJ-A02,N,N
KM-CLM-000715,KM-POL-000474,Open,2023-11-06,2023-11-29,Product Defect,NY,1,ADJ-A04,Y,N
KM-CLM-000716,KM-POL-001429,Reopened,2022-04-02,2022-05-07,Single Vehicle,OH,1,ADJ-A04,N,N
KM-CLM-000717,KM-POL-000658,Closed,2022-12-31,2023-01-26,Strain,OH,2,ADJ-A05,N,N
KM-CLM-000718,KM-POL-000271,Closed,2021-08-03,2021-08-26,Property Damage,PA,1,ADJ-A04,N,N
KM-CLM-000719,KM-POL-001871,Open,2023-10-31,2023-12-15,Property Damage,NJ,1,ADJ-A05,N,N
KM-CLM-000720,KM-POL-001158,Closed,2023-09-24,2023-09-27,Slip and Fall,PA,1,ADJ-A05,N,N
KM-CLM-000721,KM-POL-000171,Open,2022-04-14,2022-05-23,Intersection,NY,1,ADJ-A03,N,N
KM-CLM-000722,KM-POL-001439,Open,2024-05-27,2024-06-13,Cut/Laceration,MD,1,ADJ-A01,N,
KM-CLM-000723,KM-POL-000028,Closed,2023-02-12,2023-03-17,Rear End Collision,MD,1,ADJ-A04,N,N
KM-CLM-000724,KM-POL-000136,Closed,2023-04-30,2023-05-02,Cut/Laceration,OH,2,ADJ-A01,N,N
KM-CLM-000725,KM-POL-000925,Open,2024-07-10,2024-07-14,Fall,NJ,2,ADJ-A01,N,N
KM-CLM-000726,KM-POL-000405,Closed,2022-04-21,2022-05-10,Struck By,NY,1,ADJ-A01,N,N
KM-CLM-000727,KM-POL-000977,Reopened,2022-07-03,2022-07-07,Parking,OH,1,ADJ-A05,N,N
KM-CLM-000728,KM-POL-000888,Closed,2023-04-17,2023-04-30,Motor Vehicle,NJ,1,ADJ-A01,N,Y
KM-CLM-000729,KM-POL-001529,Closed,2024-07-18,2024-08-20,Property Damage,MD,1,ADJ-A04,N,N
KM-CLM-000730,KM-POL-001265,Reopened,2022-05-03,2022-05-09,Fall,NY,1,ADJ-A05,N,N
KM-CLM-000731,KM-POL-000856,Closed,2023-09-19,2023-09-25,Burn,DE,1,ADJ-A04,N,N
KM-CLM-000732,KM-POL-001978,Closed,2022-09-18,2022-10-02,Struck By,DE,1,ADJ-A05,N,N
KM-CLM-000733,KM-POL-000444,Closed,2024-06-12,2024-07-16,Fall,OH,1,ADJ-A02,N,N
KM-CLM-000734,KM-POL-000434,Open,2022-05-12,2022-06-05,Strain,PA,1,ADJ-A02,N,
KM-CLM-000735,KM-POL-001252,Closed,2023-11-25,2023-12-07,Intersection,PA,2,ADJ-A02,N,N
KM-CLM-000736,KM-POL-000509,Open,2023-01-23,2023-02-04,Slip and Fall,OH,2,ADJ-A02,N,N
KM-CLM-000737,KM-POL-001823,Open,2024-10-31,2024-12-03,Sideswipe,OH,1,ADJ-A05,Y,N
KM-CLM-000738,KM-POL-001327,Closed,2024-06-22,2024-08-03,Strain,OH,2,ADJ-A01,N,N
KM-CLM-000739,KM-POL-000034,Open,2023-02-25,2023-03-12,Bodily Injury,MD,1,ADJ-A03,Y,N
KM-CLM-000740,KM-POL-001026,Closed,2023-10-10,2023-11-15,Single Vehicle,NJ,2,ADJ-A03,N,N
KM-CLM-000741,KM-POL-000362,Closed,2023-06-04,2023-07-14,Rear End Collision,NJ,1,ADJ-A02,N,
KM-CLM-000742,KM-POL-001219,Closed,2024-04-24,2024-05-05,Parking,NY,2,ADJ-A01,N,N
KM-CLM-000743,KM-POL-000606,Open,2023-03-27,2023-05-01,Single Vehicle,DE,1,ADJ-A04,N,N
KM-CLM-000744,KM-POL-001864,Open,2024-04-10,2024-05-15,Sideswipe,PA,1,ADJ-A01,Y,N
KM-CLM-000745,KM-POL-001332,Closed,2021-09-11,2021-10-07,Sideswipe,NY,1,ADJ-A04,N,N
KM-CLM-000746,KM-POL-001671,Reopened,2022-02-12,2022-02-18,Struck By,PA,1,ADJ-A03,N,
KM-CLM-000747,KM-POL-000716,Open,2023-04-28,2023-06-07,Bodily Injury,PA,1,ADJ-A01,N,N
KM-CLM-000748,KM-POL-000250,Open,2022-02-23,2022-03-31,Advertising Injury,PA,1,ADJ-A01,N,
KM-CLM-000749,KM-POL-000147,Closed,2024-03-28,2024-04-19,Intersection,NJ,2,ADJ-A03,N,N
KM-CLM-000750,KM-POL-001370,Open,2022-01-28,2022-03-12,Motor Vehicle,NY,1,ADJ-A01,N,N
KM-CLM-000751,KM-POL-000348,Closed,2022-02-27,2022-03-28,Struck By,NJ,1,ADJ-A04,N,N
KM-CLM-000752,KM-POL-001278,Closed,2023-11-14,2023-12-28,Product Defect,NJ,1,ADJ-A01,N,N
KM-CLM-000753,KM-POL-000399,Closed,2024-11-02,2024-12-14,Rear End Collision,NY,3,ADJ-A04,N,N
KM-CLM-000754,KM-POL-001358,Closed,2021-11-07,2021-12-04,Motor Vehicle,NJ,2,ADJ-A02,N,
KM-CLM-000755,KM-POL-001200,Open,2022-09-06,2022-09-12,Burn,NJ,2,ADJ-A01,N,N
KM-CLM-000756,KM-POL-000125,Closed,2022-11-06,2022-11-16,Repetitive Motion,MD,1,ADJ-A04,N,N
KM-CLM-000757,KM-POL-000763,Closed,2021-09-05,2021-09-16,Fall,NY,1,ADJ-A03,N,N
KM-CLM-000758,KM-POL-000398,Closed,2023-06-01,2023-07-06,Fall,PA,1,ADJ-A02,N,N
KM-CLM-000759,KM-POL-000131,Closed,2022-10-29,2022-11-23,Repetitive Motion,PA,1,ADJ-A01,N,N
KM-CLM-000760,KM-POL-001586,Closed,2023-10-21,2023-11-22,Strain,NJ,1,ADJ-A04,N,N
KM-CLM-000761,KM-POL-000605,Open,2022-05-28,2022-06-18,Cut/Laceration,PA,1,ADJ-A01,N,N
KM-CLM-000762,KM-POL-000892,Closed,2023-06-03,2023-07-15,Bodily Injury,NY,1,ADJ-A04,N,N
KM-CLM-000763,KM-POL-000822,Closed,2023-03-24,2023-04-03,Repetitive Motion,PA,1,ADJ-A01,N,N
KM-CLM-000764,KM-POL-000902,Closed,2021-12-29,2022-02-01,Motor Vehicle,NY,1,ADJ-A02,N,N
KM-CLM-000765,KM-POL-000945,Closed,2023-09-24,2023-11-01,Burn,NY,2,ADJ-A02,N,N
KM-CLM-000766,KM-POL-001431,Closed,2022-03-17,2022-04-14,Rear End Collision,DE,1,ADJ-A01,N,N
KM-CLM-000767,KM-POL-000732,Closed,2023-09-11,2023-10-03,Slip and Fall,NJ,2,ADJ-A01,N,N
KM-CLM-000768,KM-POL-001870,Closed,2023-02-20,2023-03-12,Intersection,PA,1,ADJ-A05,N,N
KM-CLM-000769,KM-POL-000334,Open,2022-03-05,2022-04-09,Strain,NY,1,ADJ-A01,Y,N
KM-CLM-000770,KM-POL-001044,Closed,2023-12-22,2024-01-11,Head On,NJ,1,ADJ-A01,N,N
KM-CLM-000771,KM-POL-000205,Closed,2024-03-09,2024-04-01,Single Vehicle,NY,2,ADJ-A02,N,N
KM-CLM-000772,KM-POL-001627,Closed,2022-06-23,2022-07-19,Motor Vehicle,PA,1,ADJ-A01,N,N
KM-CLM-000773,KM-POL-000956,Reopened,2021-05-30,2021-07-09,Strain,NY,2,ADJ-A03,N,N
KM-CLM-000774,KM-POL-000355,Closed,2024-05-01,2024-05-28,Struck By,NY,1,ADJ-A01,N,N
KM-CLM-000775,KM-POL-001197,Closed,2023-05-31,2023-06-20,Bodily Injury,MD,1,ADJ-A05,Y,N
KM-CLM-000776,KM-POL-001213,Closed,2022-06-07,2022-07-15,Strain,PA,1,ADJ-A04,N,N
KM-CLM-000777,KM-POL-000824,Open,2024-02-07,2024-02-22,Strain,PA,1,ADJ-A02,N,N
KM-CLM-000778,KM-POL-001026,Open,2024-01-14,2024-02-19,Single Vehicle,NJ,2,ADJ-A03,N,N
KM-CLM-000779,KM-POL-001897,Reopened,2023-05-01,2023-06-04,Head On,PA,1,ADJ-A04,N,N
KM-CLM-000780,KM-POL-000941,Closed,2023-05-11,2023-05-24,Repetitive Motion,PA,1,ADJ-A03,N,N
KM-CLM-000781,KM-POL-000168,Open,2021-08-06,2021-08-30,Struck By,PA,2,ADJ-A02,Y,N
KM-CLM-000782,KM-POL-000368,Open,2024-02-22,2024-03-28,Slip and Fall,DE,3,ADJ-A05,N,N
KM-CLM-000783,KM-POL-000536,Closed,2024-02-17,2024-03-04,Advertising Injury,OH,1,ADJ-A02,N,
KM-CLM-000784,KM-POL-001949,Closed,2024-09-17,2024-10-10,Motor Vehicle,PA,2,ADJ-A03,N,N
KM-CLM-000785,KM-POL-000963,Closed,2022-11-06,2022-12-04,Struck By,NJ,1,ADJ-A03,N,N
KM-CLM-000786,KM-POL-001901,Open,2022-11-17,2022-12-15,Head On,NJ,2,ADJ-A02,N,
KM-CLM-000787,KM-POL-000580,Reopened,2023-03-14,2023-04-08,Fall,NY,1,ADJ-A01,N,N
KM-CLM-000788,KM-POL-001394,Closed,2022-04-03,2022-04-03,Intersection,NJ,1,ADJ-A02,N,N
KM-CLM-000789,KM-POL-001730,Closed,2024-01-08,2024-01-10,Sideswipe,DE,1,ADJ-A05,N,
KM-CLM-000790,KM-POL-001620,Closed,2022-06-10,2022-06-28,Sideswipe,PA,1,ADJ-A02,N,
KM-CLM-000791,KM-POL-000950,Open,2023-09-10,2023-10-18,Intersection,MD,1,ADJ-A04,N,N
KM-CLM-000792,KM-POL-001461,Reopened,2021-07-27,2021-07-28,Struck By,PA,1,ADJ-A01,N,N
KM-CLM-000793,KM-POL-000207,Open,2022-12-29,2023-01-31,Burn,PA,1,ADJ-A04,Y,N
KM-CLM-000794,KM-POL-001073,Open,2021-12-14,2021-12-22,Struck By,NJ,3,ADJ-A02,N,N
KM-CLM-000795,KM-POL-000544,Closed,2024-02-14,2024-03-04,Parking,NY,1,ADJ-A01,N,N
KM-CLM-000796,KM-POL-001853,Closed,2024-04-21,2024-04-21,Slip and Fall,NY,1,ADJ-A04,N,N
KM-CLM-000797,KM-POL-001706,Closed,2022-09-27,2022-10-16,Struck By,OH,1,ADJ-A04,N,N
KM-CLM-000798,KM-POL-000129,Closed,2024-03-02,2024-03-16,Fall,OH,2,ADJ-A01,N,N
KM-CLM-000799,KM-POL-001471,Closed,2023-02-18,2023-03-03,Sideswipe,PA,1,ADJ-A01,N,N
KM-CLM-000800,KM-POL-000614,Reopened,2022-12-27,2023-01-16,Struck By,NY,1,ADJ-A03,N,N
